"customer_name";"customer_email";"product_name";"quantity_sold";"sale_amount";"sale_date";"transaction_ID"
"Perry Marusic";"pmarusic0@uiuc.edu";"Cereal - Chocolate";4;202;"2024-11-11";1
"Verine Reaman";"Vreaman1@hibu.com";"Oranges";6;294;"2025-01-07";2
"Riobard Goggey";"rgoggey2@com.com";"Carrots - 1kg";1;220;"2023-12-03";3
"Malachi Weins";"mweins3@nytimes.com";"Beef - Steak";6;270;"2023-12-12";4
"Penni Laurentin";"plaurentin4@time.com";"Bananas";9;125;"2024-08-31";5
"Cesar Adlam";"cadlam5@taobao.com";"Juice - Orange";2;298;"2024-01-26";6
"Jorgan Oxtaby";"joxtaby6@scribd.com";"Cheese - Cheddar";6;168;"2024-10-27";7
"Guy McNern";"gmcnern7@psu.edu";"Chips - Barbecue";8;240;"2023-07-02";8
"Oswell Glayzer";"oglayzer8@paginegialle.it";"Pasta - Spaghetti";1;287;"2024-04-11";9
"Vernen Arsey";"varsey9@scribd.com";"Juice - Orange";5;162;"2023-07-20";10
"Gabbie Jans";"gjansa@sitemeter.com";"Cheese - Mozzarella";6;3;"2024-09-30";11
"Vince Tourner";"vtournerc@pagesperso-orange.fr";"Water - Bottled";5;9;"2024-02-18";13
"Julietta Paulazzi";"jpaulazzie@youku.com";"Chips - Salted";1;151;"2024-12-24";15
"Darin Rameau";"drameauf@examiner.com";"Rice - Jasmine";4;78;"2023-05-23";16
"Joseito Westraw";"jwestrawg@studiopress.com";"Butter - Unsalted";7;181;"2023-05-30";17
"Melisenda Bax";"Unknown";"Eggs - 12 Pack";2;202;"2023-10-30";18
"Randie Pirdy";"rpirdyk@sogou.com";"Soft Drink - Cola";3;24;"2024-05-27";21
"Louisette Charlesworth";"Unknown";"Cheese - Cheddar";10;221;"2024-02-01";23
"Tremayne Lynnitt";"tlynnittn@4shared.com";"Water - Bottled";3;114;"2024-12-28";24
"Barny Drinnan";"bdrinnano@boston.com";"Onions - 1kg";6;49;"2023-08-02";25
"Lynn Littrell";"llittrellr@vk.com";"Rice - Jasmine";5;50;"2023-12-11";28
"Myron Aberdeen";"maberdeens@reverbnation.com";"Eggs - 12 Pack";3;10;"2024-01-22";29
"Llewellyn Walburn";"lwalburnt@ftc.gov";"Cereal - Chocolate";6;61;"2023-11-07";30
"Baxie Dabes";"bdabesv@moonfruit.com";"Soft Drink - Lemon";10;78;"2024-10-04";32
"Catriona Ghidetti";"cghidettiw@google.com.au";"Fish - Salmon";7;159;"2023-05-07";33
"Pall Winterbottom";"pwinterbottomx@spiegel.de";"Chicken - Thigh";8;101;"2024-04-19";34
"Maje Vasler";"mvaslery@yelp.com";"Milk";1;299;"2024-01-20";35
"Gordie Ounsworth";"gounsworthz@ebay.com";"Cereal - Chocolate";7;228;"2024-09-17";36
"Tirrell Varty";"Unknown";"Eggs - 6 Pack";6;120;"2023-05-16";38
"Christoforo Cansdall";"ccansdall12@intel.com";"Juice - Apple";3;214;"2024-09-01";39
"Nealson Greasley";"ngreasley13@pen.io";"Cheese - Mozzarella";5;121;"2023-10-18";40
"Yule Laidel";"ylaidel15@csmonitor.com";"Chips - Barbecue";6;297;"2024-04-13";42
"Britney de'-Ancy Willis";"bdeancy16@irs.gov";"Butter - Unsalted";4;87;"2024-09-16";43
"Ignazio Keneleyside";"ikeneleyside18@yahoo.com";"Eggs - 6 Pack";1;243;"2024-12-18";45
"Zorine Kunes";"zkunes19@cnn.com";"Beef - Ground";3;52;"2024-05-06";46
"Karie Fagan";"Unknown";"Apples - Green";3;154;"2024-10-01";47
"Johny Clericoates";"jclericoates1b@va.gov";"Juice - Orange";9;187;"2024-11-22";48
"Petronella Tregenza";"ptregenza1c@infoseek.co.jp";"Oranges";4;44;"2023-11-16";49
"Demetris Mudle";"dmudle1d@businessinsider.com";"Cereal - Chocolate";4;209;"2024-01-26";50
"Aloin Coltart";"Unknown";"Milk";4;150;"2024-06-23";51
"Ethelda Strangward";"estrangward1f@spiegel.de";"Juice - Orange";6;237;"2023-09-17";52
"Mabelle Reynolds";"mreynolds1g@toplist.cz";"Carrots - 1kg";10;85;"2023-08-17";53
"Unknown";"tgecke1i@cyberchimps.com";"Chips - Salted";4;137;"2024-07-19";55
"Ulberto Sidwell";"usidwell1j@tinypic.com";"Bread - White";10;96;"2024-06-30";56
"Byram Bediss";"bbediss1k@examiner.com";"Butter - Salted";10;90;"2023-09-20";57
"Jack Woodland";"jwoodland1l@opensource.org";"Apples - Red";4;25;"2023-06-30";58
"Kippar Spruce";"kspruce1m@dagondesign.com";"Bread - Whole Wheat";3;157;"2024-06-13";59
"Neysa Naper";"nnaper1n@rediff.com";"Pasta - Spaghetti";4;103;"2024-02-04";60
"Engracia Downs";"edowns1o@addtoany.com";"Cereal - Chocolate";3;195;"2023-08-29";61
"Truman Abbet";"tabbet1p@opensource.org";"Water - Bottled";8;185;"2023-07-21";62
"Adara Nelthrop";"anelthrop1r@accuweather.com";"Apples - Green";5;239;"2024-03-17";64
"Jacques Chitty";"jchitty1t@icio.us";"Chicken - Thigh";4;297;"2024-05-28";66
"Stevena Bangham";"sbangham1u@taobao.com";"Chicken - Breast";8;237;"2023-07-16";67
"Bren Drain";"bdrain1v@sciencedaily.com";"Beef - Ground";7;248;"2024-01-29";68
"Junia Goldsack";"jgoldsack1w@fc2.com";"Milk";4;270;"2024-07-16";69
"Sheree Leport";"sleport1x@bloglines.com";"Bread - Whole Wheat";6;206;"2024-03-09";70
"Hakim Kingstne";"hkingstne1y@npr.org";"Eggs - 6 Pack";5;201;"2024-09-29";71
"Lyon Daville";"ldaville1z@storify.com";"Butter - Unsalted";8;247;"2024-02-04";72
"Gregoor Tadlow";"gtadlow20@nymag.com";"Apples - Green";10;251;"2023-05-06";73
"Kain Merrywether";"kmerrywether21@ted.com";"Rice - Basmati";5;24;"2024-03-19";74
"Christoffer Hayton";"chayton22@plala.or.jp";"Apples - Green";4;226;"2024-11-06";75
"Weidar Saffin";"wsaffin23@ifeng.com";"Chips - Salted";2;37;"2023-05-17";76
"Normy Bulcock";"nbulcock24@ted.com";"Pasta - Penne";9;276;"2024-08-08";77
"Unknown";"Unknown";"Soft Drink - Cola";1;52;"2024-01-14";79
"Blanch Woodcock";"bwoodcock27@va.gov";"Eggs - 12 Pack";5;9;"2024-12-10";80
"Skye Ryce";"sryce28@scientificamerican.com";"Chicken - Breast";2;229;"2024-04-10";81
"Rancell Snoad";"rsnoad29@fotki.com";"Rice - Basmati";10;128;"2024-03-05";82
"Derk Palphramand";"dpalphramand2a@diigo.com";"Cereal - Chocolate";5;78;"2024-03-23";83
"Richy Swinerd";"rswinerd2b@bbc.co.uk";"Chips - Barbecue";7;258;"2024-12-29";84
"Alexa Waldera";"awaldera2c@weather.com";"Eggs - 12 Pack";1;18;"2023-08-17";85
"Fonzie Wildor";"fwildor2d@yale.edu";"Cheese - Mozzarella";4;298;"2024-05-06";86
"Dyana Hustings";"Unknown";"Cereal - Cornflakes";7;47;"2024-10-07";87
"Cyndia Kitteringham";"ckitteringham2f@wiley.com";"Eggs - 6 Pack";7;57;"2024-01-31";88
"Pattin Rickards";"prickards2h@virginia.edu";"Beef - Steak";4;115;"2024-09-09";90
"Alexis Sline";"asline2i@sitemeter.com";"Chicken - Thigh";3;144;"2024-07-02";91
"Morly Corstorphine";"mcorstorphine2j@army.mil";"Bananas";3;217;"2024-12-31";92
"Kylila Wallege";"kwallege2l@angelfire.com";"Rice - Jasmine";2;272;"2024-11-08";94
"Kahlil Carillo";"kcarillo2m@lulu.com";"Apples - Red";9;116;"2024-08-05";95
"Deonne Conerding";"dconerding2n@nymag.com";"Soft Drink - Cola";3;189;"2023-09-10";96
"Adelbert Thrift";"athrift2o@constantcontact.com";"Milk";10;272;"2024-07-27";97
"Reynold MacTerrelly";"rmacterrelly2q@dedecms.com";"Juice - Apple";9;164;"2024-04-05";99
"Annamaria Arndt";"aarndt2r@google.com.hk";"Carrots - 1kg";9;67;"2023-08-15";100
"Cornelius Krollmann";"ckrollmann2s@360.cn";"Potatoes - 1kg";2;3;"2024-03-21";101
"Kiri Maplethorpe";"kmaplethorpe2t@soup.io";"Oranges";4;47;"2024-03-09";102
"Annaliese Bennis";"abennis2u@dmoz.org";"Chips - Barbecue";5;35;"2023-08-21";103
"Meier Cordobes";"mcordobes2v@desdev.cn";"Butter - Salted";7;76;"2024-04-01";104
"Inessa Gammet";"igammet2w@diigo.com";"Butter - Salted";5;32;"2023-12-13";105
"Desi Skillings";"dskillings2x@cloudflare.com";"Juice - Apple";4;84;"2023-08-17";106
"Unknown";"cgriffith2y@com.com";"Eggs - 6 Pack";3;281;"2023-05-28";107
"Osbourn Farrear";"ofarrear2z@issuu.com";"Oranges";1;278;"2024-01-24";108
"Unknown";"Unknown";"Pasta - Penne";1;211;"2024-06-22";109
"Tess Syrett";"tsyrett31@gov.uk";"Chicken - Breast";10;187;"2023-10-21";110
"Bord Fold";"Unknown";"Onions - 1kg";10;28;"2024-09-01";111
"Farris Burns";"fburns33@slate.com";"Rice - Basmati";9;82;"2024-08-09";112
"Fonsie Carwithim";"fcarwithim34@stanford.edu";"Fish - Salmon";7;73;"2024-07-20";113
"Fredrika Missen";"fmissen35@twitpic.com";"Bananas";10;179;"2023-05-19";114
"Arni Gonnel";"agonnel36@bandcamp.com";"Beef - Steak";9;96;"2023-09-16";115
"Prue Gittings";"pgittings37@newsvine.com";"Juice - Apple";5;256;"2023-07-28";116
"Unknown";"kmansour39@tamu.edu";"Ice Cream - Chocolate";2;164;"2025-01-01";118
"Alyss Seifenmacher";"aseifenmacher3a@unblog.fr";"Milk";7;262;"2024-03-25";119
"Nero Allsupp";"nallsupp3d@theguardian.com";"Water - Bottled";10;155;"2024-06-28";122
"Franz Camellini";"Unknown";"Rice - Jasmine";7;35;"2024-02-18";125
"Sibella Ammer";"Unknown";"Apples - Green";5;286;"2023-12-28";126
"Dulci Sheppard";"dsheppard3k@1und1.de";"Cereal - Chocolate";8;36;"2024-12-31";129
"Belva Abrahamian";"babrahamian3l@xing.com";"Chips - Salted";3;94;"2024-03-20";130
"Farica de Keep";"fde3m@imageshack.us";"Cereal - Chocolate";5;261;"2024-06-21";131
"Marget Tarrant";"mtarrant3o@4shared.com";"Bread - White";7;89;"2023-11-28";133
"Unknown";"gpunt3p@mapquest.com";"Juice - Orange";9;176;"2025-01-06";134
"Benedikt Dent";"bdent3q@ox.ac.uk";"CHICKEN - Thigh";8;88;"2024-05-11";135
"Ana Rosso";"arosso3r@wiley.com";"Rice - Jasmine";8;292;"2024-10-06";136
"Geoff Mingardi";"Unknown";"Butter - Unsalted";6;156;"2024-05-02";138
"Orton Cotty";"ocotty3u@devhub.com";"Cereal - Cornflakes";8;126;"2024-04-15";139
"Mordy Langelaan";"mlangelaan3w@amazon.co.jp";"Bananas";6;237;"2024-11-19";141
"Ansell Darker";"adarker3x@europa.eu";"Yogurt - Strawberry";2;146;"2023-09-04";142
"Nefen Guille";"nguille3y@squidoo.com";"Rice - Jasmine";5;101;"2023-09-02";143
"Elinore Bright";"ebright3z@usda.gov";"Onions - 1kg";1;156;"2023-05-15";144
"Upton Rosberg";"urosberg40@indiatimes.com";"Pasta - Penne";10;173;"2023-06-09";145
"Unknown";"ddeandisie42@shinystat.com";"Chicken - Thigh";5;54;"2024-05-14";147
"Parrnell Debell";"pdebell43@intel.com";"Beef - Ground";1;165;"2024-05-16";148
"Amalle Lazarus";"alazarus44@hc360.com";"Potatoes - 1kg";5;11;"2023-05-11";149
"Lannie Brew";"lbrew46@123-reg.co.uk";"Pasta - Spaghetti";1;163;"2024-01-29";151
"Archy Shillaber";"ashillaber47@parallels.com";"Juice - Orange";1;118;"2023-08-24";152
"Cristina Turbat";"Unknown";"Eggs - 6 Pack";3;4;"2024-12-20";153
"Ellery Atwell";"eatwell49@sphinn.com";"Bananas";8;142;"2023-08-12";154
"Urson Diglin";"udiglin4a@hostgator.com";"Carrots - 1kg";8;110;"2023-12-01";155
"Karissa Livingstone";"Unknown";"Pasta - Penne";4;107;"2024-03-31";156
"Kerry Coronas";"kcoronas4d@ezinearticles.com";"Milk";7;83;"2024-12-21";158
"Charlena Jollands";"cjollands4e@topsy.com";"Bread - White";2;287;"2023-11-21";159
"Alasdair Laxen";"alaxen4f@hp.com";"Juice - Apple";6;114;"2023-06-06";160
"Vincenz McDoual";"vmcdoual4g@sciencedirect.com";"Cheese - Cheddar";8;113;"2023-08-16";161
"Glynnis Isabell";"Unknown";"Oranges";2;127;"2024-01-09";162
"Lenna Barbara";"lbarbara4i@odnoklassniki.ru";"Juice - Orange";8;92;"2024-11-07";163
"Marco Barthram";"mbarthram4j@posterous.com";"Butter - Salted";3;83;"2023-10-11";164
"Adelaida Drews";"adrews4m@people.com.cn";"Soft Drink - Cola";4;86;"2024-12-21";167
"Bogey Sloat";"bsloat4n@facebook.com";"Bananas";10;195;"2024-10-27";168
"Raeann Harbage";"rharbage4o@deliciousdays.com";"Oranges";4;203;"2023-06-12";169
"Kaine Christophersen";"kchristophersen4p@indiegogo.com";"Cereal - Chocolate";2;54;"2024-10-23";170
"Lindsay Shouler";"lshouler4q@oracle.com";"Rice - Jasmine";10;16;"2023-06-23";171
"Gav Ping";"gping4r@thetimes.co.uk";"Bread - Whole Wheat";7;71;"2024-07-25";172
"Wrennie Kezourec";"wkezourec4s@cbsnews.com";"Rice - Basmati";7;272;"2023-09-16";173
"Candis Hannam";"channam4t@omniture.com";"Eggs - 12 Pack";8;91;"2024-08-18";174
"Kathy Steuhlmeyer";"ksteuhlmeyer4v@istockphoto.com";"Soft Drink - Lemon";8;217;"2024-11-09";176
"Kimberlee Cantero";"kcantero4w@squidoo.com";"Apples - Red";7;218;"2024-04-28";177
"Cherye Youthed";"cyouthed4x@samsung.com";"Ice Cream - Vanilla";4;137;"2023-08-31";178
"Carmencita D'Aguanno";"cdaguanno4y@canalblog.com";"Onions - 1kg";4;135;"2023-10-10";179
"Prudy Moreside";"pmoreside4z@dropbox.com";"Rice - Basmati";2;54;"2023-08-24";180
"Pascale Curgenven";"pcurgenven50@histats.com";"Beef - Steak";6;170;"2023-11-18";181
"Unknown";"mjerrams51@cornell.edu";"Soft Drink - Lemon";7;284;"2023-07-13";182
"Darn Trevain";"dtrevain52@patch.com";"Rice - Basmati";9;147;"2024-09-22";183
"Kilian Shipston";"kshipston53@fda.gov";"Apples - Red";4;69;"2024-11-21";184
"Paulina Gorwood";"pgorwood54@accuweather.com";"Potatoes - 1kg";9;185;"2024-11-15";185
"Geoff Cuddehay";"gcuddehay55@nba.com";"Chicken - Thigh";3;70;"2023-07-13";186
"Alys Stutt";"astutt56@marriott.com";"Water - Bottled";2;139;"2024-05-02";187
"Dahlia Sharrocks";"Unknown";"Juice - Apple";4;8;"2023-08-19";188
"Hale Groome";"hgroome58@nationalgeographic.com";"Oranges";1;75;"2023-07-06";189
"Manny Manneville";"mmanneville59@time.com";"Cereal - Chocolate";9;194;"2024-11-05";190
"Victor Pemberton";"vpemberton5a@hc360.com";"Cheese - Mozzarella";9;295;"2024-12-02";191
"Thomasa Crathorne";"tcrathorne5b@barnesandnoble.com";"Butter - Unsalted";4;266;"2024-07-12";192
"Ninnetta Franzolini";"nfranzolini5c@nasa.gov";"Oranges";6;274;"2024-09-20";193
"Blondy Papachristophorou";"bpapachristophorou5d@irs.gov";"Soft Drink - Cola";5;140;"2023-08-18";194
"Kit Androck";"Unknown";"Chips - Barbecue";1;8;"2024-08-20";195
"Valaree Buxton";"vbuxton5g@t.co";"Beef - Ground";3;168;"2024-09-25";197
"Orsola Risom";"orisom5h@canalblog.com";"ONIONS";4;268;"2024-11-03";198
"Jessalyn Barnwall";"jbarnwall5i@friendfeed.com";"Rice - Basmati";1;40;"2023-09-22";199
"Gus Callear";"gcallear5j@multiply.com";"Yogurt - Strawberry";9;241;"2023-11-11";200
"Aeriel Hucker";"ahucker5l@networksolutions.com";"Soft Drink - Lemon";8;83;"2023-12-31";202
"Tobi Emilien";"temilien5m@sakura.ne.jp";"Beef - Ground";1;272;"2024-05-31";203
"Myrtice Ludford";"mludford5n@unblog.fr";"Bread - White";5;218;"2024-02-17";204
"Goldi Helliar";"ghelliar5o@ucla.edu";"Cheese - Mozzarella";2;55;"2024-05-24";205
"Sandor Gutch";"sgutch5p@simplemachines.org";"Pasta - Penne";9;113;"2023-12-19";206
"Stephie Mathen";"smathen5r@bluehost.com";"Butter - Unsalted";10;116;"2023-09-25";208
"Shela Robecon";"srobecon5s@seesaa.net";"Eggs - 12 Pack";10;289;"2024-03-31";209
"Annice Taysbil";"ataysbil5t@123-reg.co.uk";"Cheese - Mozzarella";7;199;"2024-02-02";210
"Clayborne Marwick";"cmarwick5u@zimbio.com";"Apples - Red";7;279;"2023-07-02";211
"Ivan MacFaell";"imacfaell5x@bizjournals.com";"Ice Cream - Chocolate";7;243;"2023-09-24";214
"Dorine Nicholl";"dnicholl5y@webs.com";"Oranges";3;196;"2024-12-26";215
"Randie Dolton";"rdolton60@japanpost.jp";"Chicken - Thigh";4;223;"2024-06-16";217
"Thornie Sawood";"tsawood61@indiegogo.com";"Bread - Whole Wheat";1;165;"2024-12-30";218
"Mata Armand";"marmand62@biglobe.ne.jp";"Butter - Salted";1;43;"2024-03-11";219
"Unknown";"aanderl63@123-reg.co.uk";"Fish - Tuna";4;4;"2024-08-17";220
"Unknown";"cmennithorp64@ustream.tv";"Fish - Tuna";1;66;"2024-05-29";221
"Mercedes Spriggen";"mspriggen65@com.com";"Pasta - Spaghetti";4;53;"2023-08-06";222
"Unknown";"aalbarez66@ameblo.jp";"Soft Drink - Lemon";7;44;"2023-12-03";223
"Rubie Sirkett";"rsirkett67@phpbb.com";"Yogurt - Plain";9;275;"2024-05-20";224
"Raeann Jacobsohn";"rjacobsohn68@seesaa.net";"Apples - Green";4;109;"2024-08-30";225
"Unknown";"ewyleman69@youku.com";"Butter - Unsalted";2;26;"2024-11-17";226
"Esra Itzhaiek";"eitzhaiek6a@mozilla.com";"Juice - Apple";4;72;"2024-03-31";227
"Holli Siemianowicz";"hsiemianowicz6b@alibaba.com";"Yogurt - Strawberry";3;207;"2024-01-04";228
"Sashenka Skehens";"Unknown";"Cheese - Cheddar";2;268;"2024-07-20";229
"Seymour McArte";"smcarte6d@gravatar.com";"Cheese - Mozzarella";5;146;"2024-09-07";230
"Selie Jannasch";"sjannasch6e@123-reg.co.uk";"Chips - Barbecue";3;8;"2023-08-22";231
"Berty Downs";"bdowns6f@unc.edu";"Juice - Orange";6;156;"2024-09-07";232
"Karrie Rushbury";"krushbury6g@youku.com";"Soft Drink - Cola";3;69;"2024-10-02";233
"Gilli Labes";"glabes6h@state.tx.us";"Carrots - 1kg";4;144;"2024-02-27";234
"Deonne Anselm";"danselm6j@china.com.cn";"Carrots - 1kg";2;168;"2023-05-20";236
"Maryjane Westhead";"mwesthead6k@geocities.jp";"Carrots - 1kg";6;85;"2024-06-13";237
"Nathanael Winspire";"nwinspire6l@state.gov";"Butter - Salted";4;204;"2024-04-03";238
"Anthea Bethell";"abethell6m@statcounter.com";"Milk";6;36;"2024-06-21";239
"Ludwig Tye";"Unknown";"Rice - Jasmine";1;112;"2024-05-23";240
"Penelope Joskowitz";"pjoskowitz6p@hubpages.com";"Soft Drink - Cola";2;222;"2024-07-10";242
"Claudia Exall";"cexall6q@ovh.net";"Chips - Barbecue";7;276;"2024-09-30";243
"Faustine Doram";"Unknown";"Cheese - Cheddar";1;96;"2024-01-21";245
"Tulley Buddleigh";"tbuddleigh6t@stanford.edu";"Fish - Salmon";6;222;"2024-09-11";246
"Sibella Nashe";"snashe6u@buzzfeed.com";"Chicken - Thigh";4;174;"2024-04-05";247
"Perren Evesque";"pevesque6v@cloudflare.com";"Carrots - 1kg";2;145;"2023-06-21";248
"Casi Jankovsky";"cjankovsky6w@bing.com";"Fish - Salmon";7;173;"2023-06-07";249
"Blinni Keen";"bkeen6x@exblog.jp";"Rice - Jasmine";2;96;"2023-10-18";250
"Florance Marriott";"fmarriott6y@umich.edu";"Juice - Apple";7;233;"2024-09-17";251
"Paulie Capps";"pcapps70@cargocollective.com";"Potatoes - 1kg";2;125;"2023-07-28";253
"Shay Gerckens";"sgerckens71@cnn.com";"Butter - Unsalted";2;105;"2024-11-30";254
"Cassandry Dy";"Unknown";"Yogurt - Plain";3;272;"2024-03-15";255
"Donovan Fullicks";"dfullicks75@telegraph.co.uk";"Cheese - Mozzarella";3;53;"2024-02-27";258
"Nert Murricanes";"nmurricanes77@mapy.cz";"Yogurt - Plain";5;27;"2024-06-11";260
"Kira Gibberd";"kgibberd7a@vk.com";"Cheese - Mozzarella";4;148;"2023-12-09";263
"Conway Naisey";"Unknown";"Cheese - Mozzarella";1;154;"2024-09-13";264
"Frederich Pourveer";"fpourveer7c@blog.com";"Cheese - Cheddar";2;298;"2024-01-03";265
"Goldarina Cassin";"Unknown";"Juice - Apple";2;180;"2023-10-09";267
"Julie Lotte";"jlotte7g@blogtalkradio.com";"Chicken - Thigh";5;82;"2023-10-14";269
"Maressa Brownlie";"mbrownlie7h@tamu.edu";"Beef - Steak";7;98;"2024-05-05";270
"Brendis Emmet";"bemmet7i@ameblo.jp";"Soft Drink - Cola";1;252;"2024-01-14";271
"Andria Dreger";"adreger7k@google.com.au";"Chicken - Thigh";6;249;"2024-06-19";273
"Alexandrina Cawker";"acawker7m@ibm.com";"Butter - Salted";5;167;"2024-02-16";275
"Chrystal Serraillier";"cserraillier7n@intel.com";"Carrots - 1kg";10;114;"2024-11-19";276
"Karly Cole";"kcole7o@un.org";"Milk";6;173;"2023-10-24";277
"Margareta Haston";"mhaston7r@alibaba.com";"Cereal - Chocolate";7;245;"2023-08-22";280
"Papageno Voas";"pvoas7s@ycombinator.com";"Carrots - 1kg";10;238;"2024-05-15";281
"Unknown";"Unknown";"Eggs - 6 Pack";1;36;"2024-10-12";282
"Zorina Stubley";"Unknown";"Potatoes - 1kg";3;101;"2023-08-11";285
"Harv Mutimer";"hmutimer7x@mysql.com";"Soft Drink - Cola";8;186;"2023-12-19";286
"Porty Antonietti";"pantonietti7y@yellowpages.com";"Cereal - Cornflakes";10;126;"2024-01-13";287
"Lemmie Febre";"lfebre7z@adobe.com";"Milk";7;298;"2023-09-02";288
"Odelle Saunier";"osaunier80@unblog.fr";"Onions - 1kg";9;104;"2024-11-24";289
"Merrily McDarmid";"mmcdarmid82@scribd.com";"Rice - Basmati";3;114;"2023-05-25";291
"Shaylyn Ubach";"subach83@parallels.com";"Yogurt - Strawberry";2;127;"2023-06-03";292
"Madlen Hamprecht";"Unknown";"Soft Drink - Cola";1;138;"2025-01-03";294
"Unknown";"ijeanneau86@harvard.edu";"Bread - White";4;300;"2024-11-06";295
"Unknown";"fpetruska87@google.com.br";"Eggs - 6 Pack";7;66;"2024-05-04";296
"Worth Kenward";"Unknown";"Cheese - Mozzarella";2;148;"2024-11-21";297
"Brittaney Humby";"bhumby89@miibeian.gov.cn";"Chicken - Breast";9;121;"2024-10-06";298
"Abran Lemmon";"alemmon8a@guardian.co.uk";"Yogurt - Strawberry";1;299;"2024-05-04";299
"Sher Heindle";"sheindle8b@blogs.com";"Milk";8;288;"2024-06-05";300
"Katharina Ashleigh";"kashleigh8c@elegantthemes.com";"Carrots - 1kg";1;35;"2023-07-12";301
"Jasun Kitching";"jkitching8d@google.co.jp";"Juice - Apple";9;120;"2024-05-19";302
"Heinrick Ragdale";"hragdale8e@arizona.edu";"Fish - Tuna";10;36;"2024-06-27";303
"Vera Danielczyk";"vdanielczyk8g@delicious.com";"Onions - 1kg";4;77;"2024-07-02";305
"Mort Littledyke";"mlittledyke8h@foxnews.com";"Water - Bottled";10;193;"2023-05-24";306
"Rivkah MacCoveney";"rmaccoveney8k@twitpic.com";"Bread - Whole Wheat";3;29;"2023-07-06";309
"Port Harte";"pharte8l@netvibes.com";"Bananas";9;31;"2024-09-10";310
"Nevsa La Rosa";"Unknown";"Milk";4;101;"2023-11-19";312
"Bridie Sprey";"bsprey8o@indiatimes.com";"Eggs - 12packs";8;222;"2024-04-24";313
"Tilda Saunper";"tsaunper8p@whitehouse.gov";"Apples - Green";8;188;"2024-05-13";314
"Kaila Baudin";"kbaudin8q@scientificamerican.com";"Apples - Green";8;115;"2023-05-29";315
"Hamid Finnie";"hfinnie8s@wikimedia.org";"Potatoes - 1kg";3;184;"2023-12-18";317
"Danna Belone";"Unknown";"Eggs - 6 Pack";5;64;"2024-04-18";318
"Belvia Batsford";"bbatsford8w@umn.edu";"Rice - Basmati";2;247;"2023-10-14";321
"Jenica Scattergood";"Unknown";"Chicken - Breast";7;221;"2024-06-26";322
"Nicoline Brou";"nbrou8y@chicagotribune.com";"Eggs - 12 Pack";9;21;"2024-12-02";323
"Zacherie Gubbin";"zgubbin8z@slideshare.net";"Ice Cream - Vanilla";7;154;"2024-12-29";324
"Unknown";"blatore90@live.com";"Rice - Basmati";9;149;"2023-11-24";325
"Roxine Powers";"rpowers91@home.pl";"Cheese - Mozzarella";9;236;"2024-03-24";326
"Lucais Ollerhad";"lollerhad94@mashable.com";"Ice Cream - Vanilla";4;139;"2023-12-11";329
"Todd Sacher";"tsacher95@sfgate.com";"Bananas";4;170;"2024-05-22";330
"Unknown";"lbillett96@statcounter.com";"Carrots - 1kg";9;117;"2024-11-28";331
"Christopher Munt";"cmunt97@nsw.gov.au";"Fish - Tuna";8;41;"2024-12-10";332
"Annabel di Rocca";"adi98@parallels.com";"Beef - Steak";3;250;"2024-08-20";333
"Aurie Formie";"Unknown";"Chicken - Thigh";10;22;"2024-09-03";334
"Cherin Etuck";"cetuck9a@dropbox.com";"Milk";4;292;"2023-10-02";335
"Ronna Kobu";"rkobu9b@163.com";"Cheese - Cheddar";7;86;"2023-12-29";336
"Justinian Wimpenny";"jwimpenny9c@homestead.com";"Beef - Steak";4;6;"2023-06-20";337
"Philis McAughtry";"pmcaughtry9d@twitpic.com";"Fish - Salmon";2;294;"2024-06-24";338
"Meriel Nosworthy";"Unknown";"Pasta - Penne";5;93;"2023-12-12";339
"Gilles Ceschelli";"gceschelli9f@dailymail.co.uk";"Yogurt - Strawberry";10;285;"2024-01-24";340
"Sven Deverale";"sdeverale9h@forbes.com";"Carrots - 1kg";6;284;"2024-01-02";342
"Pete Morecombe";"pmorecombe9i@washington.edu";"Chips - Salted";7;89;"2023-05-23";343
"Agustin Heyburn";"aheyburn9k@drupal.org";"Butter - Salted";7;189;"2023-12-27";345
"Brice Wedderburn";"bwedderburn9l@list-manage.com";"Chips - Barbecue";1;298;"2024-01-15";346
"Melanie Towndrow";"mtowndrow9o@census.gov";"Chicken - Breast";5;241;"2023-06-10";349
"Catlin Hourahan";"chourahan9p@imdb.com";"Juice - Apple";2;56;"2024-01-14";350
"Hardy Jonathon";"hjonathon9q@accuweather.com";"Apples - Red";1;6;"2024-03-03";351
"Marjorie Paolini";"mpaolini9t@soundcloud.com";"Onions - 1kg";1;185;"2024-11-11";354
"Hurlee Brashier";"hbrashier9u@wisc.edu";"Yogurt - Plain";2;300;"2024-05-28";355
"Felita Heisham";"fheisham9v@parallels.com";"Butter - Salted";10;187;"2023-09-03";356
"Danya Issacof";"dissacof9w@google.ca";"Onions - 1kg";3;71;"2023-06-14";357
"Raphael Tison";"rtison9x@about.me";"Yogurt - Plain";5;144;"2024-04-27";358
"Adrienne Giamitti";"agiamitti9y@webs.com";"Fish - Tuna";6;258;"2024-02-12";359
"Patsy O'Gleasane";"pogleasane9z@dell.com";"Ice Cream - Vanilla";5;211;"2024-03-01";360
"Elana Symers";"Unknown";"Fish - Salmon";3;126;"2023-12-03";362
"Elroy Quirk";"equirka2@timesonline.co.uk";"Potatoes - 1kg";1;86;"2023-09-17";363
"Germaine Moukes";"gmoukesa3@canalblog.com";"Cheese - Mozzarella";7;96;"2024-11-01";364
"Konstanze Jillins";"Unknown";"Bananas";5;235;"2024-11-02";365
"Elga Irlam";"Unknown";"Cereal - Cornflakes";8;153;"2023-10-30";366
"Kynthia Amberger";"kambergera6@msu.edu";"Juice - Orange";4;203;"2024-05-19";367
"Car Kerswell";"ckerswella7@usnews.com";"Cereal - Chocolate";5;40;"2023-07-17";368
"Peter Mathon";"pmathona8@loc.gov";"Beef - Ground";5;1;"2024-12-30";369
"Shae McDavitt";"Unknown";"Juice - Orange";1;45;"2023-12-29";370
"Alexandrina Glaves";"aglavesab@squarespace.com";"Pasta - Spaghetti";4;124;"2024-03-08";372
"Gayle Pichmann";"gpichmannac@artisteer.com";"Ice Cream - Vanilla";10;222;"2023-06-08";373
"Winnifred Semiras";"Unknown";"Milk";1;184;"2024-06-27";374
"Rolph Gealy";"rgealyae@friendfeed.com";"Rice - Basmati";6;145;"2024-10-17";375
"Cobbie Leftbridge";"cleftbridgeaf@oakley.com";"Bread - Whole Wheat";2;272;"2023-12-11";376
"Kort Soro";"ksoroah@berkeley.edu";"Eggs - 6 Pack";9;149;"2024-09-01";378
"Ondrea Goman";"ogomanak@issuu.com";"Pasta - Spaghetti";1;148;"2024-05-07";381
"Susi Pierpoint";"spierpointal@slashdot.org";"Pasta - Spaghetti";2;141;"2024-08-31";382
"Derry Tunkin";"dtunkinan@paypal.com";"Onions - 1kg";10;142;"2023-06-29";384
"Saundra Simner";"ssimnerao@arizona.edu";"Water - Bottled";4;127;"2024-02-03";385
"Pietro Enderson";"pendersonaq@ebay.co.uk";"Bread - White";8;17;"2023-11-29";387
"Pauletta Winslade";"pwinsladear@usatoday.com";"Bread - White";4;72;"2024-12-25";388
"Meryl Issac";"Unknown";"Carrots - 1kg";10;276;"2023-12-19";389
"Chryste Hildred";"childredat@sun.com";"Chips - Barbecue";4;298;"2024-10-04";390
"Gar Padkin";"gpadkinau@quantcast.com";"Water - Bottled";6;56;"2024-02-26";391
"Garrett Littley";"glittleyav@harvard.edu";"Pasta - Spaghetti";4;168;"2024-06-18";392
"Rodger Danford";"rdanfordaw@pinterest.com";"Soft Drink - Lemon";5;71;"2024-03-15";393
"Lexy Swinyard";"lswinyardax@oracle.com";"Rice - Jasmine";7;257;"2023-08-25";394
"Eve Sommerland";"esommerlanday@wsj.com";"Milk";6;196;"2023-09-30";395
"Durant Casazza";"dcasazzaaz@histats.com";"Potatoes - 1kg";4;255;"2024-02-14";396
"Rogers Gavahan";"rgavahanb0@a8.net";"Oranges";7;155;"2024-12-23";397
"Dag Vigietti";"Unknown";"Potatoes - 1kg";4;14;"2024-06-21";398
"Gerrie Claque";"gclaqueb2@taobao.com";"Bananas";7;286;"2023-07-23";399
"Nanine Le Barr";"nleb3@opensource.org";"Rice - Jasmine";6;297;"2023-10-30";400
"Sophia Munby";"smunbyb4@netvibes.com";"Soft Drink - Lemon";9;2;"2024-01-07";401
"Benedicto Lehon";"blehonb5@macromedia.com";"Potatoes - 1kg";7;37;"2023-08-28";402
"Olive Sharply";"osharplyb7@cloudflare.com";"Chips - Salted";5;141;"2023-09-30";404
"Benedict Winkworth";"bwinkworthb8@blogs.com";"Apples - Green";1;294;"2023-10-06";405
"Nikki Ronca";"nroncab9@washingtonpost.com";"Cereal - Chocolate";7;153;"2024-04-13";406
"Unknown";"ccosgroveba@vimeo.com";"Bread - Whole Wheat";8;169;"2023-05-16";407
"Unknown";"bmathewsonbb@nps.gov";"Chicken - Breast";8;32;"2023-05-31";408
"Aurlie Swaine";"aswainebd@studiopress.com";"Chips - Salted";5;157;"2023-06-06";410
"Idette Grzelczyk";"igrzelczykbe@amazonaws.com";"Ice Cream - Chocolate";9;87;"2024-08-09";411
"Gale Bowers";"gbowersbf@webmd.com";"Pasta - Penne";5;263;"2024-07-05";412
"Rriocard Faithfull";"Unknown";"Yogurt - Plain";9;231;"2024-12-03";413
"Aubine Gutowska";"agutowskabi@unicef.org";"Soft Drink - Lemon";6;151;"2024-08-17";415
"Boot Rikard";"brikardbj@webmd.com";"Rice - Basmati";5;194;"2024-04-28";416
"Chandal Woolway";"cwoolwaybk@wufoo.com";"Fish - Salmon";9;300;"2024-11-01";417
"Angele Laverenz";"alaverenzbm@seesaa.net";"Bread - Whole Wheat";4;175;"2024-08-07";419
"Paton Ladds";"pladdsbn@seattletimes.com";"Pasta - Spaghetti";8;292;"2024-09-03";420
"Teddy Phizakarley";"tphizakarleybo@cargocollective.com";"Bananas";6;253;"2024-07-28";421
"Kati Chicken";"kchickenbp@sciencedirect.com";"Beef - Ground";4;226;"2024-10-04";422
"Haley Stancer";"hstancerbq@wikispaces.com";"Butter - Salted";8;57;"2023-12-10";423
"Staford Maddinon";"smaddinonbr@cbsnews.com";"Chips - Salted";1;16;"2023-11-18";424
"Pru Veart";"pveartbs@mapquest.com";"Cheese - Cheddar";2;298;"2023-05-14";425
"Wileen Moston";"wmostonbt@cdbaby.com";"Ice Cream - Chocolate";10;95;"2024-07-30";426
"Minne Rohlf";"mrohlfbv@g.co";"Fish - Tuna";10;123;"2023-09-11";428
"Sheri Vaughten";"svaughtenbx@nhs.uk";"Chips - Salted";3;253;"2024-02-01";430
"Anjanette Tixier";"atixierby@prlog.org";"Apples - Red";7;215;"2024-02-29";431
"Konstantine Jochens";"kjochensbz@naver.com";"Onions - 1kg";2;123;"2023-06-20";432
"Thalia Weadick";"tweadickc0@house.gov";"Yogurt - Strawberry";6;130;"2024-08-06";433
"Geralda Sheering";"gsheeringc1@yahoo.com";"Cereal - Cornflakes";9;185;"2023-12-01";434
"Lee Jullian";"ljullianc2@huffingtonpost.com";"Bread - White";8;39;"2023-12-08";435
"Unknown";"Unknown";"Rice - Jasmine";4;219;"2023-06-01";436
"Antony Goves";"Unknown";"Carrots - 1kg";8;10;"2023-11-13";437
"Neils Scotney";"nscotneyc9@nbcnews.com";"Ice Cream - Chocolate";8;195;"2024-07-02";442
"Carree Bortol";"Unknown";"Juice - Orange";6;262;"2024-03-05";444
"Dickie McGennis";"dmcgenniscc@elegantthemes.com";"Carrots - 1kg";3;112;"2023-08-06";445
"Rutter Ambrosio";"rambrosiocd@wufoo.com";"Beef - Steak";1;246;"2023-09-22";446
"Kelley Hebblewhite";"khebblewhitecf@dropbox.com";"Onions - 1kg";4;35;"2024-07-14";448
"Worth Heyfield";"Unknown";"Potatoes - 1kg";10;95;"2023-11-17";449
"Onfroi Tibalt";"otibaltch@army.mil";"Apples - Green";10;220;"2024-01-14";450
"Layney Chapleo";"lchapleoci@marriott.com";"Onions - 1kg";5;84;"2024-06-10";451
"Unknown";"jboyseck@de.vu";"Onions - 1kg";3;130;"2024-02-12";453
"Mariann McNuff";"Unknown";"Cheese - Mozzarella";9;290;"2023-10-15";454
"Celisse Romayne";"Unknown";"Cheese - Cheddar";4;24;"2024-03-12";455
"Rosalie Hartup";"Unknown";"Yogurt - Plain";9;296;"2024-06-02";456
"Happy Kopec";"Unknown";"Pasta - Penne";8;249;"2024-09-06";457
"Janeczka Petracci";"jpetraccicq@un.org";"Cereal - Cornflakes";1;63;"2023-07-17";459
"Bevvy Teggin";"bteggincr@discuz.net";"Beef - Steak";3;207;"2024-09-04";460
"Corena Eby";"cebycu@hostgator.com";"Chicken - Thigh";7;187;"2024-02-24";463
"Ronnica MacAnelley";"rmacanelleycx@bloglines.com";"Juice - Apple";9;296;"2024-03-27";466
"Manuel Euler";"meulercy@ucoz.ru";"Potatoes - 1kg";5;33;"2023-10-25";467
"Hedvige Ezzy";"hezzycz@webs.com";"Potatoes - 1kg";2;44;"2024-02-20";468
"Karel Iacomi";"Unknown";"Rice - Basmati";10;218;"2023-05-19";469
"Marylin Skirven";"mskirvend2@ihg.com";"Chips - Salted";8;217;"2024-07-20";471
"Felike McClunaghan";"fmcclunaghand4@auda.org.au";"Chicken - Thigh";8;152;"2024-07-02";473
"Abbe Najera";"Unknown";"Juice - Orange";10;9;"2024-03-14";474
"Kathie Klassman";"Unknown";"Eggs - 6 Pack";4;261;"2023-07-08";475
"Katrinka Bice";"kbiced7@google.es";"Apples - Green";5;245;"2023-11-10";476
"Ronna Sargant";"rsargantd9@w3.org";"Juice - Apple";10;57;"2023-06-28";478
"Madelin Newlands";"mnewlandsda@cocolog-nifty.com";"Eggs - 6 Pack";8;163;"2024-05-07";479
"Ede Edmenson";"eedmensondc@vkontakte.ru";"Cheese - Mozzarella";8;273;"2024-05-03";481
"Ailyn Frays";"Unknown";"Chicken - Breast";9;141;"2024-12-06";482
"Matilde Godleman";"mgodlemandg@dailymotion.com";"Eggs - 12 Pack";3;13;"2024-11-08";485
"Bendicty Drejer";"bdrejerdh@mtv.com";"Beef - Steak";9;72;"2023-05-06";486
"Sile Caff";"scaffdi@opera.com";"Beef - Steak";4;103;"2023-08-01";487
"Eyde Ethelston";"eethelstondk@privacy.gov.au";"Pasta - Penne";8;57;"2023-11-17";489
"Freemon Blaze";"fblazedl@wsj.com";"Bananas";3;207;"2023-05-21";490
"Yance Berntssen";"Unknown";"Onions - 1kg";10;4;"2023-06-29";491
"Colet Been";"cbeendn@scribd.com";"Chicken - Thigh";6;63;"2023-08-11";492
"Carrol Batecok";"Unknown";"Carrots - 1kg";5;177;"2024-08-03";493
"Nadean Bartol";"Unknown";"Cereal - Cornflakes";4;95;"2024-01-15";494
"Barbee Ilewicz";"bilewiczdq@free.fr";"Eggs - 6 Pack";2;271;"2023-12-15";495
"Ellene Cockings";"ecockingsdr@businessweek.com";"Pasta - Spaghetti";4;191;"2024-02-16";496
"Tally Ditchett";"tditchettds@mozilla.com";"Cheese - Mozzarella";1;90;"2024-10-31";497
"Meggie Duffrie";"Unknown";"Chicken - Thigh";9;265;"2023-08-17";498
"Eleanore Coggon";"Unknown";"Pasta - Spaghetti";9;124;"2024-11-02";499
"Jerrold McKenzie";"Unknown";"Butter - Unsalted";5;116;"2024-12-01";500
"Silvano Byfford";"sbyfforddw@samsung.com";"Onions - 1kg";6;999;"2024-09-29";501
"Theodora Falconar";"tfalconardy@state.gov";"Onions - 1kg";10;178;"2023-07-09";503
"Hadley Heater";"hheaterdz@123-reg.co.uk";"Onions - 1kg";9;182;"2024-11-10";504
"Hanna Cornejo";"hcornejoe0@unblog.fr";"Ice Cream - Chocolate";6;277;"2024-11-21";505
"Ellsworth Ware";"ewaree1@trellian.com";"Beef - Ground";7;139;"2024-10-25";506
"Aldon Amphlett";"aamphlette3@ameblo.jp";"Milk";2;123;"2024-12-25";508
"Marco Dimblebee";"mdimblebeee4@unicef.org";"Chips - Barbecue";3;184;"2025-01-10";509
"Garvin MacMoyer";"gmacmoyere5@cmu.edu";"Soft Drink - Lemon";7;201;"2023-12-10";510
"Viola Cavnor";"Unknown";"Ice Cream - Chocolate";9;221;"2024-04-08";511
"Sara Dyball";"sdyballe7@infoseek.co.jp";"Yogurt - Plain";3;62;"2024-04-02";512
"Dian Lotze";"dlotzee8@angelfire.com";"Cheese - Mozzarella";6;88;"2023-11-08";513
"Alasdair Bech";"abeche9@harvard.edu";"Yogurt - Strawberry";8;174;"2023-09-07";514
"Cassius Solman";"csolmaneb@soundcloud.com";"Pasta - Spaghetti";6;98;"2024-03-15";516
"Massimo Dimitrov";"mdimitrovec@indiegogo.com";"Apples - Green";2;245;"2024-10-17";517
"Ax Woolfitt";"awoolfitted@bravesites.com";"Fish - Tuna";1;78;"2024-07-13";518
"Wilbert Barbisch";"wbarbischee@alexa.com";"Rice - Basmati";10;181;"2023-12-14";519
"Godfree Huison";"ghuisonef@issuu.com";"Pasta - Penne";1;293;"2023-07-08";520
"Susanne Goatman";"sgoatmaneg@ebay.com";"Potatoes - 1kg";4;296;"2023-12-17";521
"Anthony Spawell";"aspawellel@un.org";"Soft Drink - Lemon";4;134;"2024-11-17";526
"Gayelord Branch";"Unknown";"Onions - 1kg";9;95;"2024-03-27";529
"Boot Loveman";"blovemanep@typepad.com";"Bananas";8;173;"2023-06-11";530
"Trstram Trase";"ttraseer@smugmug.com";"Cereal - Chocolate";3;73;"2024-03-23";532
"Chlo Syvret";"Unknown";"Cheese - Mozzarella";7;241;"2023-08-19";534
"Cecilio McKinless";"cmckinlesseu@sohu.com";"Juice - Apple";10;89;"2024-07-06";535
"Dotti Peevor";"dpeevorew@plala.or.jp";"Beef - Ground";4;288;"2024-07-17";537
"Rozamond Clayal";"rclayalex@amazon.co.jp";"Butter - Unsalted";10;152;"2024-06-08";538
"Rosella Biggar";"Unknown";"Ice Cream - Vanilla";4;292;"2023-11-04";539
"Rog Zanassi";"Unknown";"Chips - Barbecue";5;299;"2024-06-30";540
"Gran Godleman";"ggodlemanf0@wunderground.com";"Chicken - Breast";1;300;"2023-05-29";541
"Scarlett Meldon";"smeldonf1@ask.com";"Cheese - Mozzarella";1;23;"2024-07-11";542
"Steffi Lammenga";"slammengaf2@wisc.edu";"Pasta - Spaghetti";2;270;"2024-01-20";543
"Angelina Tremblett";"atremblettf3@webnode.com";"Yogurt - Plain";6;48;"2023-12-28";544
"Correy Keirle";"ckeirlef4@google.com.au";"Chicken - Breast";10;142;"2023-06-04";545
"Marsh Figgins";"mfigginsf5@gizmodo.com";"Apples - Green";7;58;"2024-02-15";546
"Shanon Whylie";"swhylief6@ucla.edu";"Bread - Whole Wheat";2;48;"2024-12-17";547
"Murielle Moneti";"mmonetif7@weebly.com";"Ice Cream - Chocolate";9;142;"2024-02-20";548
"Annadiane Tidball";"atidballf9@goo.ne.jp";"Chicken - Thigh";5;279;"2024-06-27";550
"Lissy Croxford";"lcroxfordfc@nature.com";"Chicken - Thigh";6;289;"2024-06-06";553
"Fidela Depport";"fdepportfd@geocities.jp";"Chips - Barbecue";7;96;"2023-05-07";554
"Darwin Wolledge";"dwolledgeff@fc2.com";"Rice - Basmati";10;45;"2024-06-22";556
"Unknown";"cshadwickfg@xrea.com";"Ice Cream - Chocolate";9;186;"2024-06-05";557
"Adrien Poel";"apoelfh@mtv.com";"Eggs - 6 Pack";3;245;"2023-07-08";558
"Winnie Wessell";"Unknown";"Butter - Unsalted";3;155;"2023-09-13";559
"Lisle Whisson";"lwhissonfj@issuu.com";"Milk";6;213;"2023-11-13";560
"Marta Didball";"mdidballfk@slate.com";"Chips - Salted";7;103;"2023-06-20";561
"Loralyn Givens";"lgivensfl@google.ca";"Chips - Barbecue";7;8;"2023-07-30";562
"Dolorita Romer";"Unknown";"Chips - Barbecue";2;297;"2023-11-06";563
"Giffie Quiddington";"gquiddingtonfn@youtube.com";"Onions - 1kg";6;90;"2023-12-04";564
"Silvano Hanratty";"shanrattyfo@dailymotion.com";"Potatoes - 1kg";10;281;"2024-02-05";565
"Tilda Vanes";"tvanesfp@domainmarket.com";"Milk";10;232;"2024-01-02";566
"Sumner Condie";"scondiefq@irs.gov";"Bread - White";1;238;"2024-02-03";567
"Gwenni Bairnsfather";"Unknown";"Soft Drink - Lemon";3;173;"2024-06-27";569
"Gabriela Yeoland";"Unknown";"Eggs - 12 Pack";4;113;"2024-12-19";570
"Esteban Upcraft";"eupcraftfu@netvibes.com";"Soft Drink - Lemon";7;137;"2024-04-07";571
"Hayes Grahamslaw";"hgrahamslawfv@who.int";"Milk";9;13;"2023-11-03";572
"Kimberlyn Di Frisco";"kdifw@boston.com";"Chicken - Breast";4;86;"2024-06-21";573
"Jae Batecok";"jbatecokfx@shinystat.com";"Apples - Green";6;15;"2023-09-28";574
"Emyle Easum";"eeasumfy@issuu.com";"Juice - Apple";9;208;"2024-06-21";575
"Karlyn Piscotti";"kpiscottifz@sciencedirect.com";"Milk";4;255;"2023-10-27";576
"Unknown";"rhuntlyg0@mit.edu";"Chicken - Thigh";6;58;"2023-06-08";577
"Cybil Edwardes";"cedwardesg1@mac.com";"Pasta - Penne";1;275;"2024-03-22";578
"Iona De Gregorio";"ideg2@ameblo.jp";"Carrots - 1kg";1;156;"2024-07-26";579
"Unknown";"acageg3@eepurl.com";"Chicken - Thigh";5;243;"2023-09-15";580
"Wallie Norquay";"wnorquayg5@bizjournals.com";"Chips - Barbecue";5;197;"2023-10-13";582
"Emmett Mollin";"Unknown";"Butter - Unsalted";9;23;"2023-06-01";583
"Unknown";"Unknown";"Yogurt - Strawberry";5;115;"2024-04-01";584
"Kore Millson";"kmillsong9@loc.gov";"Soft Drink - Cola";1;65;"2023-11-22";586
"Hertha Aleksandrev";"haleksandrevga@biblegateway.com";"Pasta - Penne";4;181;"2024-04-12";587
"Shandy Ballsdon";"Unknown";"Apples - Red";5;28;"2024-05-28";588
"Marchall Bewick";"mbewickgc@newsvine.com";"Rice - Basmati";7;68;"2024-06-01";589
"Unknown";"Unknown";"Cereal - Cornflakes";7;76;"2024-06-28";590
"Edythe Fadian";"efadiange@miibeian.gov.cn";"Apples - Green";7;202;"2024-01-28";591
"Sullivan Barbey";"sbarbeygf@simplemachines.org";"Soft Drink - Lemon";8;45;"2024-09-26";592
"Inna McTrustey";"Unknown";"Fish - Salmon";1;27;"2024-05-04";594
"Lorie Wincer";"lwincergi@cpanel.net";"Soft Drink - Cola";2;240;"2024-02-02";595
"Rhodie Aitchison";"raitchisongj@uol.com.br";"Chips - Salted";4;279;"2024-03-09";596
"Gianni Cuphus";"Unknown";"Ice Cream - Chocolate";6;56;"2024-06-18";597
"Ximenez Eusden";"xeusdengl@yale.edu";"Eggs - 6 Pack";6;65;"2024-06-26";598
"Torrie Mawtus";"tmawtusgm@yolasite.com";"Butter - Unsalted";3;248;"2024-10-05";599
"Unknown";"Unknown";"Rice - Jasmine";10;278;"2024-12-27";601
"Murray Figin";"mfigingp@telegraph.co.uk";"Cereal - Cornflakes";1;187;"2023-12-21";602
"Dov Adams";"dadamsgq@patch.com";"Onions - 1kg";5;221;"2023-12-14";603
"Laure Nevins";"lnevinsgr@gizmodo.com";"Bananas";6;171;"2023-11-07";604
"Corbet Salvatore";"csalvatoregt@blogtalkradio.com";"Eggs - 12 Pack";8;162;"2023-12-06";606
"Austin Groundwator";"agroundwatorgu@angelfire.com";"Ice Cream - Chocolate";8;149;"2024-03-26";607
"Linnet Wattinham";"Unknown";"Cheese - Cheddar";10;91;"2024-09-14";608
"Celinka Spino";"cspinogw@ft.com";"Carrots - 1kg";9;195;"2024-06-04";609
"Anstice Thandi";"athandigx@qq.com";"Butter - Salted";9;258;"2023-06-30";610
"Ailis Borge";"aborgegz@patch.com";"Chicken - Breast";4;291;"2023-10-30";612
"Monah Dametti";"mdamettih0@livejournal.com";"Oranges";9;288;"2023-06-04";613
"Unknown";"Unknown";"Eggs - 12 Pack";1;75;"2024-09-16";614
"Jessey Skuse";"jskuseh2@bing.com";"Onions - 1kg";7;24;"2023-10-13";615
"Mohammed Tucker";"mtuckerh3@macromedia.com";"Water - Bottled";9;131;"2024-10-16";616
"Unknown";"cadaoh4@oaic.gov.au";"Ice Cream - Chocolate";6;204;"2023-08-09";617
"Worth Haulkham";"whaulkhamh5@goodreads.com";"Carrots - 1kg";5;155;"2023-08-15";618
"Lawton Marciskewski";"lmarciskewskih6@eventbrite.com";"Chicken - Thigh";4;174;"2024-05-16";619
"Peg Gerrey";"pgerreyh7@google.com.hk";"Juice - Orange";1;45;"2024-08-15";620
"Emlyn Mahaddy";"emahaddyha@privacy.gov.au";"Eggs - 12 Pack";3;33;"2023-10-06";623
"Mitch Maxworthy";"Unknown";"Bananas";1;84;"2023-07-08";624
"Cirstoforo Bridden";"cbriddenhc@hc360.com";"Rice - Jasmine";3;82;"2023-10-07";625
"Gussy Burgoin";"Unknown";"Butter - Unsalted";2;186;"2023-05-20";626
"Tracy Taplin";"ttaplinhe@mapy.cz";"Soft Drink - Cola";8;4;"2024-05-08";627
"Car Malafe";"cmalafehf@photobucket.com";"Butter - Salted";5;6;"2024-10-22";628
"Richart Monshall";"rmonshallhg@typepad.com";"Eggs - 6 Pack";5;53;"2023-06-24";629
"Sibylla Kleine";"skleinehi@cmu.edu";"Bread - Whole Wheat";1;208;"2024-09-28";631
"Cherrita Topp";"ctopphj@cdc.gov";"Beef - Steak";10;65;"2023-10-13";632
"Edeline Sant";"esanthk@constantcontact.com";"Rice - Jasmine";7;254;"2023-05-30";633
"Maribelle Cruce";"mcrucehl@google.ca";"Potatoes - 1kg";4;278;"2024-05-13";634
"Tilly Semken";"tsemkenhm@wufoo.com";"Fish - Tuna";6;150;"2024-03-27";635
"Lydon Spoerl";"lspoerlhn@dailymotion.com";"Juice - Orange";10;107;"2023-09-23";636
"Jillene Harbisher";"jharbisherho@tinypic.com";"Pasta - Penne";6;86;"2024-10-23";637
"Danit Le Estut";"dlehp@tinypic.com";"Cereal - Chocolate";7;162;"2023-12-24";638
"Kelcie Dulake";"kdulakehq@loc.gov";"Chips - Salted";8;19;"2023-12-31";639
"Nari Gladdin";"ngladdinhr@elpais.com";"Fish - Salmon";7;234;"2023-08-17";640
"Camile Relf";"crelfhs@miitbeian.gov.cn";"Water - Bottled";2;174;"2024-04-17";641
"Marget Rigby";"Unknown";"Pasta - Spaghetti";7;64;"2024-08-25";642
"Alikee Stuart";"astuarthu@hc360.com";"Juice - Apple";8;35;"2023-09-18";643
"Beatrix Derwin";"bderwinhx@nytimes.com";"Beef - Ground";1;133;"2024-04-08";646
"Alvan Copping";"acoppinghy@washingtonpost.com";"Juice - Apple";8;233;"2023-09-21";647
"Edyth Cumpton";"ecumptoni0@dagondesign.com";"Oranges";10;158;"2024-05-24";649
"Jo-anne Sertin";"jsertini1@is.gd";"Onions - 1kg";6;8;"2023-05-06";650
"Joelly Morando";"jmorandoi2@php.net";"Juice - Orange";5;1;"2023-09-09";651
"Nellie Duprey";"ndupreyi3@w3.org";"Yogurt - Strawberry";8;206;"2023-08-22";652
"Karel Cordey";"kcordeyi4@squarespace.com";"Fish - Tuna";7;42;"2024-09-25";653
"Unknown";"dforberi5@themeforest.net";"Pasta - Spaghetti";8;8;"2024-07-03";654
"Pennie Townson";"ptownsoni6@a8.net";"Fish - Salmon";7;243;"2024-11-19";655
"Augustin Lewsam";"alewsami7@sun.com";"Pasta - Spaghetti";6;166;"2024-03-26";656
"Unknown";"dbrooksoni8@parallels.com";"Fish - Tuna";1;60;"2024-10-02";657
"Maegan Pastor";"mpastori9@npr.org";"Bananas";5;297;"2023-09-30";658
"Dayna Widdison";"dwiddisonic@google.it";"Bananas";5;151;"2023-07-19";661
"Inge Heal";"ihealid@msu.edu";"Beef - Ground";5;15;"2023-08-08";662
"Giordano Sloan";"gsloanie@ed.gov";"Fish - Tuna";1;270;"2024-07-02";663
"Norma Janew";"njanewif@weibo.com";"Juice - range";5;148;"2023-12-11";664
"Rey Lamort";"rlamortig@flavors.me";"Pasta - Penne";1;106;"2024-09-25";665
"Gene Arnaut";"garnautii@geocities.com";"Carrots - 1kg";9;136;"2024-11-02";667
"Emmey Livzey";"elivzeyij@google.ca";"Milk";6;283;"2023-09-05";668
"Anastasie Kuhnke";"akuhnkeik@nhs.uk";"Chips - Salted";6;120;"2024-11-17";669
"Giacomo Dradey";"gdradeyil@ocn.ne.jp";"Eggs - 12 Pack";8;237;"2025-01-10";670
"Elora Tarbatt";"Unknown";"Cheese - Cheddar";8;71;"2023-07-11";672
"Ramonda Jopke";"rjopkeio@hc360.com";"Water - Bottled";6;220;"2024-04-10";673
"Rozella Farren";"rfarrenip@buzzfeed.com";"Cereal - Cornflakes";4;252;"2024-06-26";674
"Gaston Friel";"gfrieliq@webnode.com";"Cheese - Mozzarella";6;24;"2024-03-10";675
"Unknown";"wnesbittir@buzzfeed.com";"Fish - Tuna";2;34;"2023-07-13";676
"Barnard Gillott";"bgillottit@ted.com";"Eggs - 6 Pack";1;181;"2024-05-17";678
"Max Connolly";"mconnollyiu@home.pl";"Cheese - Mozzarella";2;217;"2023-08-22";679
"Cristobal Jurczak";"cjurczakiv@people.com.cn";"Pasta - Penne";4;166;"2023-10-26";680
"Lainey Haistwell";"Unknown";"Yogurt - Strawberry";5;11;"2023-05-20";681
"Rosina Hammerstone";"rhammerstoneiy@miibeian.gov.cn";"Potatoes - 1kg";8;160;"2023-05-11";683
"Linn Ovanesian";"lovanesianiz@cisco.com";"Soft Drink - Cola";3;212;"2024-08-27";684
"Daphene Stanion";"dstanionj0@imdb.com";"Water - Bottled";7;130;"2023-07-27";685
"Nelie Bartrum";"nbartrumj1@weebly.com";"Butter - Salted";7;59;"2023-08-11";686
"Chelsie Hidderley";"chidderleyj2@bravesites.com";"Chips - Barbecue";2;54;"2023-08-29";687
"Rhody Unwin";"runwinj6@exblog.jp";"Beef - Ground";9;35;"2023-10-14";691
"Joby Padson";"jpadsonj7@edublogs.org";"Cheese - Mozzarella";2;159;"2024-04-12";692
"Kitti Bosse";"kbossej8@digg.com";"Soft Drink - Lemon";1;283;"2025-01-05";693
"Mannie Voisey";"mvoiseyj9@indiatimes.com";"Chips - Barbecue";8;172;"2024-02-08";694
"Corabella Hartopp";"chartoppja@sina.com.cn";"Potatoes - 1kg";10;282;"2023-11-09";695
"Maximilian Kidwell";"mkidwelljb@nsw.gov.au";"Pasta - Penne";1;65;"2023-05-07";696
"Howey Slocomb";"hslocombjc@nhs.uk";"Beef - Steak";6;28;"2023-12-29";697
"Payton Alflat";"palflatjd@cmu.edu";"Onions - 1kg";4;223;"2023-09-18";698
"Selene Davisson";"sdavissonjf@lycos.com";"Cereal - Cornflakes";10;14;"2024-02-22";700
"Dniren Denge";"ddengejg@parallels.com";"Yogurt - Plain";8;100;"2024-06-24";701
"Alejandra Nana";"ananajh@prweb.com";"Chips - Barbecue";9;7;"2024-12-05";702
"Tony Ormshaw";"tormshawji@storify.com";"Oranges";3;58;"2024-01-21";703
"Mill Yearby";"myearbyjl@cocolog-nifty.com";"Milk";6;293;"2023-11-11";706
"Rey Potebury";"rpoteburyjm@hhs.gov";"Cereal - Cornflakes";2;21;"2023-11-10";707
"Ericha Tschersich";"etschersichjn@state.tx.us";"Bread - Whole Wheat";7;233;"2024-08-24";708
"Imogene Domanski";"Unknown";"Rice - Jasmine";4;108;"2024-05-14";709
"Ruthanne Sporner";"rspornerjp@google.fr";"Carrots - 1kg";10;203;"2024-03-26";710
"Amanda Ramiro";"aramirojs@chronoengine.com";"Juice - Apple";4;66;"2024-03-11";713
"Minette Tissier";"mtissierjt@blogspot.com";"Cereal - Chocolate";2;285;"2024-07-09";714
"Stacia Walczak";"swalczakju@tripadvisor.com";"Chips - Barbecue";1;247;"2024-11-14";715
"Adelaide Spinella";"aspinellajz@slideshare.net";"Juice - Apple";5;274;"2023-11-20";720
"Cary Jelfs";"cjelfsk0@yandex.ru";"Chicken - Thigh";6;64;"2024-02-28";721
"Hussein Colclough";"hcolcloughk1@usatoday.com";"Beef - Ground";6;174;"2023-10-14";722
"Shanta Tapper";"stapperk2@imgur.com";"Yogurt - Strawberry";1;287;"2024-02-28";723
"Beverie Ridings";"bridingsk3@samsung.com";"Oranges";7;263;"2023-11-22";724
"Unknown";"nsyrettk4@fema.gov";"Milk";2;182;"2023-12-07";725
"Casie Giraudeau";"Unknown";"Fish - Salmon";1;295;"2024-02-09";726
"Briney Madgett";"bmadgettk7@apache.org";"Soft Drink - Lemon";3;68;"2023-06-22";728
"Katrine Bowfin";"kbowfink8@theatlantic.com";"Cereal - Cornflakes";1;43;"2023-11-02";729
"Unknown";"pchasteyk9@mtv.com";"Ice Cream - Vanilla";10;17;"2023-09-13";730
"Eben Quimby";"Unknown";"Fish - Tuna";8;300;"2024-08-31";731
"Annelise McGarrity";"amcgarritykc@etsy.com";"Chicken - Thigh";7;153;"2024-07-26";733
"Karolina Girardey";"kgirardeykd@uiuc.edu";"Fish - Tuna";4;184;"2023-09-05";734
"Rubina Faux";"rfauxke@instagram.com";"Apples - Green";1;42;"2023-06-15";735
"Caz Howley";"chowleykf@altervista.org";"Soft Drink - Cola";10;27;"2024-01-31";736
"Dudley Challace";"dchallacekg@nifty.com";"Soft Drink - Cola";2;53;"2024-11-27";737
"Sioux Handke";"shandkekh@dedecms.com";"Chips - Barbecue";2;83;"2024-12-22";738
"Sissy Mabbe";"smabbeki@cbsnews.com";"Rice - Basmati";8;121;"2023-06-24";739
"Hope Hodge";"hhodgekj@telegraph.co.uk";"Fish - Salmon";6;120;"2024-10-25";740
"Burnard Mogridge";"bmogridgekk@webs.com";"Cereal - Cornflakes";9;22;"2024-03-14";741
"Dorena Tremouille";"Unknown";"Rice - Jasmine";6;108;"2024-11-21";742
"Ram Earlam";"rearlamkm@whitehouse.gov";"Eggs - 12 Pack";5;175;"2024-04-11";743
"Yorke Vakhlov";"yvakhlovkn@angelfire.com";"Butter - Salted";5;278;"2024-06-27";744
"Hoebart Guidi";"hguidikp@newyorker.com";"Eggs - 12 Pack";10;32;"2023-05-19";746
"Torrey Waszkiewicz";"twaszkiewiczkr@upenn.edu";"Ice ream - Chocolate";4;24;"2024-09-14";748
"Dosi Ridgewell";"dridgewellkt@usgs.gov";"Ice Cream - Vanilla";3;90;"2024-07-27";750
"Unknown";"trameletkv@homestead.com";"Cereal - Cornflakes";4;276;"2024-11-05";752
"Lissie Cardoo";"lcardookw@sbwire.com";"Onions - 1kg";8;77;"2024-01-29";753
"Muhammad McCrossan";"mmccrossanl0@symantec.com";"Yogurt - Strawberry";2;251;"2024-05-04";757
"Nate Hupka";"nhupkal1@unesco.org";"Juice - Orange";2;261;"2023-10-08";758
"Rebekah Rosengarten";"rrosengartenl2@quantcast.com";"Juice - Apple";4;252;"2023-11-08";759
"Asher Allans";"aallansl3@ca.gov";"Cheese - Cheddar";4;25;"2023-10-26";760
"Jamil Beardow";"jbeardowl4@themeforest.net";"Chicken - Thigh";3;138;"2023-09-08";761
"Luther Letessier";"lletessierl5@ucoz.ru";"Oranges";1;281;"2024-05-11";762
"Elise Chifney";"echifneyl6@usda.gov";"Cheese - Cheddar";10;137;"2023-07-03";763
"Max Mullarkey";"mmullarkeyl8@reddit.com";"Bread - White";2;286;"2024-04-22";765
"Welch Taft";"wtaftla@google.de";"Bananas";5;2;"2023-05-24";767
"Emmy Dayes";"edayeslb@blog.com";"Juice - Orange";8;149;"2023-09-27";768
"Tomi Tree";"ttreelc@ovh.net";"Beef - Ground";5;210;"2023-05-19";769
"Cart Maffulli";"cmaffullild@sciencedaily.com";"Rice - Jasmine";7;36;"2023-10-08";770
"Gregg Harmes";"Unknown";"Chicken - Thigh";6;44;"2024-08-20";771
"Agnese Yokley";"Unknown";"Cereal - Chocolate";3;149;"2024-06-15";772
"Norman Brokenshaw";"nbrokenshawlg@geocities.jp";"Potatoes - 1kg";7;187;"2023-11-24";773
"Elvera Laight";"Unknown";"Water - Bottled";3;163;"2023-11-27";776
"Ivonne Carbry";"icarbrylk@over-blog.com";"Pasta - Penne";9;256;"2023-12-10";777
"Merlina Davidoff";"mdavidofflm@netlog.com";"Cheese - Mozzarella";3;259;"2024-08-19";779
"Merwyn Ockwell";"mockwellln@blogs.com";"Soft Drink - Cola";1;254;"2024-02-20";780
"Joey McIlwrick";"jmcilwricklo@si.edu";"Ice Cream - Vanilla";4;264;"2023-05-28";781
"Lilllie Moffett";"lmoffettlp@upenn.edu";"Yogurt - Plain";2;174;"2023-12-10";782
"Corney Sneath";"csneathlq@google.co.jp";"Milk";3;132;"2024-11-24";783
"Arthur Figge";"afiggelr@creativecommons.org";"Milk";1;268;"2024-08-27";784
"Nicholle Quail";"nquaillt@yahoo.com";"Soft Drink - Lemon";7;128;"2024-09-09";786
"Eamon Fairham";"efairhamlu@google.com.hk";"Apples - Green";5;38;"2023-11-29";787
"Tessa Ellinor";"tellinorlv@mit.edu";"Beef - Steak";8;199;"2024-09-28";788
"Maud Charlon";"mcharlonlw@rediff.com";"Rice - Basmati";5;166;"2024-01-16";789
"Christophorus Bolding";"cboldingly@sitemeter.com";"Juice - Orange";7;163;"2024-06-20";791
"Nora Seint";"nseintm1@ucoz.com";"Water - Bottled";5;101;"2023-11-16";794
"Aksel Tylor";"atylorm2@deliciousdays.com";"Milk";6;244;"2024-02-21";795
"Jeanna Grigoliis";"jgrigoliism3@sciencedirect.com";"Oranges";5;213;"2024-07-01";796
"Kippar Tsarovic";"ktsarovicm4@odnoklassniki.ru";"Oranges";2;176;"2024-01-12";797
"Innis Serrurier";"iserrurierm5@friendfeed.com";"Chips - Barbecue";10;41;"2024-10-28";798
"Rudolf Robrose";"rrobrosem7@google.com.hk";"Fish - Salmon";1;51;"2023-08-30";800
"Pasquale Willoughey";"pwillougheym8@themeforest.net";"Potatoes - 1kg";9;123;"2024-08-01";801
"Frederic Bartholomieu";"fbartholomieum9@over-blog.com";"Chips - Salted";2;146;"2023-07-17";802
"Luce Bolstridge";"lbolstridgemc@purevolume.com";"Milk";3;70;"2024-05-01";805
"Cristin Nanelli";"cnanellime@uiuc.edu";"Fish - Salmon";2;51;"2024-02-13";807
"Trumann Gorcke";"tgorckemf@go.com";"Bananas";10;83;"2024-01-11";808
"Giff Crosser";"gcrossermg@sohu.com";"Chips - Salted";9;173;"2023-05-07";809
"Dwayne Wickmann";"dwickmannmh@studiopress.com";"Pasta - Penne";8;204;"2023-07-23";810
"Stan OIlier";"Unknown";"Water - Bottled";5;239;"2024-07-02";813
"Zach Toffanelli";"ztoffanelliml@flavors.me";"Bread - White";10;62;"2023-05-11";814
"Lettie Haukey";"lhaukeymm@businessinsider.com";"Apples - Green";9;3;"2023-10-14";815
"Avigdor Gately";"agatelymn@technorati.com";"Pasta - Spaghetti";2;175;"2024-05-31";816
"Leighton Marshfield";"Unknown";"Yogurt - Strawberry";5;96;"2024-12-08";817
"Theo Lamswood";"tlamswoodmp@google.it";"Carrots - 1kg";6;113;"2023-06-28";818
"Goran Pitblado";"gpitbladomq@wufoo.com";"Apples - Red";3;181;"2023-05-15";819
"Mozes Brindley";"mbrindleymr@goodreads.com";"Fish - Salmon";8;273;"2024-02-14";820
"Konrad O'Hengerty";"kohengertymt@ca.gov";"Pasta - Spaghetti";5;2;"2024-09-02";822
"Scarlet Grimwade";"sgrimwademu@deliciousdays.com";"Soft Drink - Lemon";2;44;"2023-08-15";823
"Unknown";"cheathcottmv@zimbio.com";"Chicken - Thigh";2;96;"2023-10-29";824
"Rhea Chaudhry";"rchaudhrymw@squidoo.com";"Fish - Tuna";2;261;"2023-08-04";825
"Abelard Vanner";"Unknown";"Chips - Barbecue";3;247;"2023-05-06";826
"Jeanie Oneil";"joneilmz@unc.edu";"Milk";6;180;"2024-12-28";828
"Marysa Eadie";"meadien0@harvard.edu";"Water - Bottled";2;20;"2024-09-06";829
"Caritta Broadhurst";"cbroadhurstn1@usda.gov";"Carrots - 1kg";4;106;"2024-07-31";830
"Unknown";"Unknown";"Ice Cream - Chocolate";1;138;"2023-10-13";832
"Odele Bolte";"obolten4@ox.ac.uk";"Butter - Unsalted";10;265;"2023-08-18";833
"Caye Handy";"chandyn5@cargocollective.com";"Eggs - 12 Pack";9;272;"2024-08-06";834
"Dominica Doblin";"ddoblinn6@facebook.com";"Chips - Barbecue";3;17;"2024-10-03";835
"Corny Selborne";"Unknown";"Cheese - Cheddar";7;171;"2024-07-16";836
"Tyrus Cossom";"tcossomnb@theatlantic.com";"Apples - Green";6;11;"2024-03-30";840
"Erinna Gailor";"egailornc@msn.com";"Oranges";7;228;"2024-08-24";841
"Umberto Cordobes";"ucordobesnd@alibaba.com";"Bread - Whole Wheat";4;138;"2023-12-23";842
"Morna Silber";"Unknown";"Chicken - Breast";3;115;"2024-05-30";844
"Alard Meachem";"ameachemng@drupal.org";"Chips - Salted";9;299;"2024-12-29";845
"Fleming Sharpus";"Unknown";"Juice - Orange";8;136;"2023-12-03";846
"Jonathan Luter";"jluterni@angelfire.com";"Milk";8;197;"2023-11-30";847
"Dayle Blight";"dblightnj@merriam-webster.com";"Water - Bottled";5;250;"2024-09-18";848
"Lanie Gascoyne";"lgascoynenl@alibaba.com";"Juice - Orange";7;42;"2024-03-10";850
"Gabe Ackroyd";"Unknown";"Yogurt - Plain";7;126;"2024-08-27";852
"Merrill Eseler";"Unknown";"Ice Cream - Chocolate";9;281;"2024-03-27";853
"Will Aldis";"Unknown";"Chips - Salted";3;184;"2023-08-20";854
"Owen Huddles";"ohuddlesnq@techcrunch.com";"Fish - Salmon";7;243;"2023-10-09";855
"Georgianne Bohike";"Unknown";"Ice Cream - Chocolate";10;10;"2023-12-09";856
"Connie Hammond";"chammondns@washingtonpost.com";"Water - Bottled";9;224;"2024-04-07";857
"Paule Crocetti";"pcrocettinu@amazon.de";"Potatoes - 1kg";5;95;"2024-10-08";859
"Ardelle Northill";"Unknown";"Eggs - 6 Pack";1;158;"2023-11-16";860
"Aliza Hyne";"ahynenx@com.com";"Cheese - Cheddar";4;270;"2023-08-08";862
"Susi Cowern";"Unknown";"Chicken - Breast";4;270;"2024-08-03";863
"Kerstin Seagar";"Unknown";"Fish - Salmon";5;163;"2023-05-30";864
"Unknown";"glangfortho0@oracle.com";"Milk";2;84;"2024-11-07";865
"Shelba Ings";"Unknown";"Butter - Salted";3;66;"2024-09-05";866
"Pansy Jerdon";"pjerdono2@list-manage.com";"Chicken - Thigh";5;17;"2024-01-31";867
"Morgen Fewell";"mfewello4@bloglines.com";"Rice - Basmati";9;238;"2024-03-14";869
"Doreen Fulham";"dfulhamo5@istockphoto.com";"Rice - Jasmine";6;64;"2024-01-03";870
"Xylina Volkers";"xvolkerso6@feedburner.com";"Juice - Apple";5;286;"2024-09-17";871
"Linell McColley";"Unknown";"Pasta - Penne";2;3;"2024-12-05";872
"Kennie Andrzejewski";"kandrzejewskio8@thetimes.co.uk";"Eggs - 12 Pack";8;290;"2023-09-14";873
"Theobald Trythall";"Unknown";"Chips - Salted";9;265;"2024-11-30";875
"Gael Raggett";"graggettoc@scribd.com";"Water - Bottled";4;83;"2024-11-06";877
"Flem Jerrold";"Unknown";"Cheese - Mozzarella";1;180;"2024-02-16";878
"Ranique Braunlein";"rbraunleinoe@wufoo.com";"Ice Cream - Vanilla";7;288;"2023-08-09";879
"Nathaniel Gorch";"Unknown";"Rice - Jasmine";5;273;"2024-03-08";880
"Isac Mussetti";"imussettioj@mac.com";"Fish - Tuna";9;14;"2024-07-25";884
"Gerri Kerrigan";"gkerriganol@yelp.com";"Soft Drink - Cola";5;97;"2024-08-19";886
"Leeland Pocke";"lpockeom@yahoo.com";"Pasta - Spaghetti";9;137;"2024-04-06";887
"Ulrich Cornish";"ucornishon@google.de";"Butter - Salted";3;204;"2023-07-29";888
"Yorke Mowne";"ymowneoo@admin.ch";"Soft Drink - Lemon";10;72;"2024-11-13";889
"Unknown";"gtrenholmor@51.la";"Soft Drink - Cola";10;29;"2023-06-27";892
"Almeda Steere";"Unknown";"Chicken - Breast";4;32;"2024-03-05";893
"Bert Edgerton";"bedgertonot@webmd.com";"Ice Cream - Chocolate";5;160;"2023-05-21";894
"Beaufort Cino";"Unknown";"Cereal - Chocolate";2;4;"2023-07-02";895
"Giavani Sheahan";"gsheahanov@nytimes.com";"Oranges";1;88;"2023-05-29";896
"Helenelizabeth Dunkerly";"hdunkerlyow@soundcloud.com";"Rice - Jasmine";2;29;"2024-08-28";897
"Bjorn Sibbald";"bsibbaldoy@xrea.com";"Ice Cream - Chocolate";7;165;"2023-06-01";899
"Unknown";"hdavydochp1@illinois.edu";"Ice Cream - Vanilla";3;265;"2024-12-04";902
"Unknown";"klaisep2@ted.com";"Oranges";4;212;"2023-12-07";903
"Corbin Peters";"cpetersp3@squarespace.com";"Chicken - Breast";4;297;"2024-11-12";904
"Madonna Sigart";"msigartp4@twitpic.com";"Milk";3;264;"2023-10-21";905
"Marquita Rigler";"mriglerp5@instagram.com";"Oranges";7;13;"2024-08-07";906
"Phyllida Chalcroft";"pchalcroftp6@list-manage.com";"Ice Cream - Vanilla";3;49;"2024-08-05";907
"Toddie Gresty";"tgrestyp7@columbia.edu";"Chips - Salted";5;32;"2024-08-23";908
"Rosanne Mulgrew";"rmulgrewp8@yale.edu";"Bananas";3;49;"2024-03-16";909
"Van Jeckells";"vjeckellspa@abc.net.au";"Onions - 1kg";3;277;"2023-06-05";911
"Dyane Yakutin";"dyakutinpb@nih.gov";"Cheese - Mozzarella";4;128;"2024-01-26";912
"Eugenius Iseton";"eisetonpc@paypal.com";"Butter - Salted";4;142;"2024-06-09";913
"Andris Cusiter";"Unknown";"Bread - Whole Wheat";4;293;"2023-12-11";914
"Jamima Dewberry";"jdewberrypf@ehow.com";"Cereal - Cornflakes";7;177;"2023-07-27";916
"Emeline Missington";"emissingtonpg@usgs.gov";"Juice - Apple";4;135;"2024-12-22";917
"Crin Mapis";"cmapisph@pcworld.com";"Cheese - Mozzarella";8;291;"2023-07-11";918
"Edin Giamuzzo";"egiamuzzopi@is.gd";"Eggs - 12 Pack";7;199;"2024-08-25";919
"Dee Tousy";"dtousypj@pagesperso-orange.fr";"Waer - Bottled";2;53;"2024-09-14";920
"Hollis Jimpson";"hjimpsonpk@house.gov";"Soft Drink - Cola";4;167;"2023-05-23";921
"Seth Dungay";"sdungaypl@pbs.org";"Juice - Apple";9;212;"2024-09-04";922
"Anton Sisley";"asisleypn@washington.edu";"Juice - Apple";7;143;"2024-03-02";924
"Jacquetta Irnys";"jirnyspo@icq.com";"Beef - Steak";2;168;"2024-09-19";925
"Moshe Jalland";"mjallandpp@bloglines.com";"Apples - Green";10;94;"2024-02-04";926
"Unknown";"eisakssonpq@github.io";"Yogurt - Strawberry";3;30;"2025-01-03";927
"Zara Pevsner";"zpevsnerpr@hud.gov";"Bananas";9;109;"2023-11-21";928
"Tabby Amburgy";"tamburgyps@blogger.com";"Fish - Salmon";3;140;"2024-06-09";929
"Karena Peeke";"kpeekepu@xinhuanet.com";"Onions - 1kg";3;35;"2024-06-29";931
"Arney Standring";"astandringpv@freewebs.com";"Yogurt - Plain";8;245;"2023-07-02";932
"Herta Wilce";"hwilcepw@e-recht24.de";"Eggs - 12 Pack";9;233;"2024-04-10";933
"Chastity Wickerson";"cwickersonpx@odnoklassniki.ru";"Cheese - Cheddar";6;248;"2023-08-12";934
"Dominga Emptage";"demptagepy@mapy.cz";"Ice Cream - Chocolate";1;225;"2024-04-19";935
"Arly Hurtado";"ahurtadopz@buzzfeed.com";"Fish - Tuna";8;168;"2023-12-23";936
"Annette Ball";"aballq0@jigsy.com";"Apples - Green";6;93;"2024-08-09";937
"Culver Kernermann";"ckernermannq1@skype.com";"Cheese - Mozzarella";7;16;"2024-05-15";938
"Reiko Staniland";"Unknown";"Ice Cream - Chocolate";3;77;"2024-07-03";940
"Maudie Skilton";"mskiltonq4@github.com";"Cheese - Cheddar";2;62;"2023-12-26";941
"Unknown";"lcreganq5@youtube.com";"Pasta - Spaghetti";10;275;"2023-09-08";942
"Joelle Nerne";"jnerneq7@tinypic.com";"Apples - Red";9;13;"2023-09-08";944
"Lauryn Hatwells";"Unknown";"Yogurt - Plain";3;185;"2023-07-20";945
"Geordie Boothby";"gboothbyq9@google.pl";"Cereal - Chocolate";5;202;"2024-07-23";946
"Gale Mulqueen";"gmulqueenqa@yellowbook.com";"Milk";6;189;"2024-07-09";947
"Susana Corsan";"scorsanqc@blogs.com";"Chicken - Breast";10;284;"2024-06-10";949
"Unknown";"djansaqd@skype.com";"Fish - Tuna";1;133;"2023-12-21";950
"Stepha Gjerde";"sgjerdeqe@rambler.ru";"Cheese - Cheddar";10;245;"2024-10-10";951
"Page McCleod";"pmccleodqf@fc2.com";"Cereal - Chocolate";5;86;"2024-10-26";952
"Unknown";"rboltonqh@lulu.com";"Juice - Apple";8;181;"2024-08-22";954
"Darsie Korneluk";"Unknown";"Milk";8;58;"2023-05-22";955
"Rory Shorthill";"rshorthillqk@bizjournals.com";"Milk";10;296;"2023-10-11";957
"Caryl Storks";"cstorksql@about.com";"Butter - Unsalted";7;53;"2023-07-28";958
"Marie-jeanne Rigney";"mrigneyqm@digg.com";"Cheese - Mozzarella";5;236;"2024-07-24";959
"Rogers Arghent";"rarghentqo@miibeian.gov.cn";"Ice Cream - Chocolate";10;245;"2024-12-18";961
"Chrissie Milesop";"cmilesopqq@mashable.com";"Chicken - Thigh";6;48;"2023-07-02";963
"Elicia Heineken";"eheinekenqt@multiply.com";"Apples - Red";8;169;"2024-07-07";966
"Bird Gillise";"bgillisequ@cocolog-nifty.com";"Soft Drink - Lemon";3;41;"2024-06-16";967
"Wylma Clere";"wclereqv@biglobe.ne.jp";"Onions - 1kg";6;24;"2024-06-08";968
"Kelila Bearcroft";"Unknown";"Pasta - Spaghetti";10;46;"2023-09-07";969
"Teodor Genty";"tgentyqx@gnu.org";"Yogurt - Strawberry";9;28;"2023-06-01";970
"Julianna Aynscombe";"Unknown";"Beef - Ground";10;140;"2025-01-05";972
"Dyane Mulcaster";"Unknown";"Yogurt - Strawberry";1;57;"2023-07-20";973
"Teresa Harrow";"tharrowr1@foxnews.com";"Juice - Apple";10;33;"2023-08-18";974
"Unknown";"tclemotr2@nymag.com";"Cereal - Cornflakes";7;80;"2023-10-25";975
"Alvira Baudou";"abaudour3@flavors.me";"Chicken - Thigh";5;14;"2024-06-16";976
"Jacenta Petofi";"jpetofir4@slate.com";"Ice Cream - Vanilla";6;39;"2024-02-19";977
"Isabel Carlisso";"icarlissor5@craigslist.org";"Bananas";2;63;"2023-07-05";978
"Pietra Grayer";"pgrayerr6@nationalgeographic.com";"Yogurt - Plain";4;237;"2023-06-04";979
"Dix Vauter";"dvauterr8@wunderground.com";"Onions - 1kg";4;222;"2023-11-03";981
"Nathanil Leathers";"nleathersrc@163.com";"Chips - Salted";9;136;"2024-08-08";985
"Glen Lorent";"glorentrd@rambler.ru";"Potatoes - 1kg";9;38;"2023-10-19";986
"Unknown";"ttoolinrf@google.nl";"Yogurt - Strawberry";1;263;"2024-09-23";988
"Rudiger Venner";"rvennerrh@w3.org";"Apples - Green";7;256;"2023-09-18";990
"Dorisa Padilla";"dpadillari@elpais.com";"Pasta - Spaghetti";3;188;"2024-01-04";991
"Eveleen Dafydd";"edafyddrk@yolasite.com";"Cereal - Cornflakes";4;189;"2023-12-06";993
"Brynn Smalles";"bsmallesrl@businessweek.com";"Cereal - Cornflakes";7;198;"2024-03-30";994
"Olia Dowall";"odowallrm@ucsd.edu";"Milk";3;156;"2023-09-20";995
"Dulcia Dellenty";"Unknown";"Butter - Unsalted";4;268;"2024-03-26";996
"Jayme Meeland";"jmeelandrp@facebook.com";"Chips - Salted";1;268;"2023-06-21";998
"Rhett Liversley";"rliversleyrq@w3.org";"Eggs - 6 Pack";1;200;"2024-09-08";999
"Polly Scrimshire";"pscrimshirerr@house.gov";"Chicken - Thigh";8;248;"2023-05-30";1000
"Micheal Sammy";"micheal67@gmail.com";"Eggs - 6 Pack";3;210;"2023-05-30";1003
"Daniel Owen";"danny12@yahoo.com";"Milk";1;50;"2023-05-04";1001
"George Will";"georgewill123@gmail.com";"Milk";1;50;"2023-07-12";1002
