Transaction ID,Customer Name,Customer Email,Product Name,Quantity Sold,Sale Amount,Sale Date,
1,Perry Marusic,pmarusic0@uiuc.edu,Cereal - Chocolate,4,202,11/11/2024,11/12/2024
2,Verine Reaman,Vreaman1@hibu.com,ORAnges,6,294,1/7/2025,
3,Riobard Goggey,rgoggey2@com.com,Carrots - 1kg,1,220,12/3/2023,
4,Malachi Weins,mweins3@nytimes.com,Beef - Steak,6,270,12/12/2023,
5,Penni Laurentin,plaurentin4@time.com,Bananas,9,125,8/31/2024,
6,Cesar Adlam,cadlam5@taobao.com,Juice - Orange,2,298,1/26/2024,
7,Jorgan Oxtaby,joxtaby6@scribd.com,Cheese - Cheddar,6,168,10/27/2024,
8,Guy McNern,gmcnern7@psu.edu,CHIPS,8,240,7/2/2023,
9,Oswell Glayzer,oglayzer8@paginegialle.it,Pasta - Spaghetti,1,287,4/11/2024,
10,Vernen Arsey,varsey9@scribd.com,Juice - Orange,5,162,7/20/2023,
11,Gabbie Jans,gjansa@sitemeter.com,Cheese - Mozzarella,6,3,9/30/2024,
12,Stacie Stonall,sstonallb@bravesites.com,Rice - Jasmine,,19,9/25/2024,
13,Vince Tourner,vtournerc@pagesperso-orange.fr,Water - Bottled,5,9,2/18/2024,
14,Meade Stickford,mstickfordd@technorati.com,Cereal - Cornflakes,,75,1/20/2024,
15,Julietta Paulazzi,jpaulazzie@youku.com,Chips - Salted,1,151,12/24/2024,
16,Darin Rameau,drameauf@examiner.com,Rice - Jasmine,4,78,5/23/2023,
17,Joseito Westraw,jwestrawg@studiopress.com,Butter - Unsalted,7,181,5/30/2023,
18,Melisenda Bax,,Eggs - 12 Pack,2,202,10/30/2023,
19,Merry Phillps,mphillpsi@amazon.de,Bread - White,,255,11/15/2023,
20,Troy Crush,tcrushj@howstuffworks.com,Apples - Green,,38,2/15/2024,
21,Randie Pirdy,rpirdyk@sogou.com,Soft Drink - Cola,3,24,5/27/2024,
22,Garrek Peel,gpeell@addthis.com,Chicken - Thigh,3,,12/24/2023,
23,Louisette Charlesworth,,Cheese - Cheddar,10,221,2/1/2024,
24,Tremayne Lynnitt,tlynnittn@4shared.com,Water - Bottled,3,114,12/28/2024,
25,Barny Drinnan,bdrinnano@boston.com,Onions - 1kg,6,49,8/2/2023,
26,Giorgi Ruppert,gruppertp@4shared.com,Chips - Barbecue,2,,10/17/2024,
27,,omccurdyq@cpanel.net,Chips - Salted,,71,7/23/2024,
28,Lynn Littrell,llittrellr@vk.com,Rice - Jasmine,5,50,12/11/2023,
29,Myron Aberdeen,maberdeens@reverbnation.com,Eggs - 12 Pack,3,10,1/22/2024,
30,Llewellyn Walburn,lwalburnt@ftc.gov,Cereal - Chocolate,6,61,11/7/2023,
31,Wang Charlson,wcharlsonu@blogspot.com,Eggs - 6 Pack,9,,4/3/2024,
32,Baxie Dabes,bdabesv@moonfruit.com,Soft Drink - Lemon,10,78,10/4/2024,
33,Catriona Ghidetti,cghidettiw@google.com.au,Fish - Salmon,7,159,5/7/2023,
34,Pall Winterbottom,pwinterbottomx@spiegel.de,Chicken - Thigh,8,101,4/19/2024,
35,Maje Vasler,mvaslery@yelp.com,Milk - 2L,1,299,1/20/2024,
36,Gordie Ounsworth,gounsworthz@ebay.com,Cereal - Chocolate,7,228,9/17/2024,
37,Brittaney Pailin,bpailin10@theglobeandmail.com,Pasta - Spaghetti,,13,7/3/2024,
38,Tirrell Varty,,Eggs - 6 Pack,6,120,5/16/2023,
39,Christoforo Cansdall,ccansdall12@intel.com,Juice - Apple,3,214,9/1/2024,
40,Nealson Greasley,ngreasley13@pen.io,Cheese - Mozzarella,5,121,10/18/2023,
41,Brnaba Armstrong,barmstrong14@zimbio.com,Carrots - 1kg,,264,9/10/2023,
42,Yule Laidel,ylaidel15@csmonitor.com,Chips - Barbecue,6,297,4/13/2024,
43,Britney de'-Ancy Willis,bdeancy16@irs.gov,Butter - Unsalted,4,87,9/16/2024,
44,Daffi Sargood,dsargood17@networksolutions.com,Chips - Salted,5,,3/28/2024,
45,Ignazio Keneleyside,ikeneleyside18@yahoo.com,Eggs - 6 Pack,1,243,12/18/2024,
46,Zorine Kunes,zkunes19@cnn.com,Beef - Ground,3,52,5/6/2024,
47,Karie Fagan,,Apples - Green,3,154,10/1/2024,
48,Johny Clericoates,jclericoates1b@va.gov,Juice - Orange,9,187,11/22/2024,
49,Petronella Tregenza,ptregenza1c@infoseek.co.jp,Oranges,4,44,11/16/2023,
50,Demetris Mudle,dmudle1d@businessinsider.com,Cereal - Chocolate,4,209,1/26/2024,
51,Aloin Coltart,,Milk - 1L,4,150,6/23/2024,
52,Ethelda Strangward,estrangward1f@spiegel.de,Juice - Orange,6,237,9/17/2023,
53,Mabelle Reynolds,mreynolds1g@toplist.cz,Carrots - 1kg,10,85,8/17/2023,
54,Bonny Death,bdeath1h@dion.ne.jp,Yogurt - Strawberry,6,,7/26/2023,
55,,tgecke1i@cyberchimps.com,Chips - Salted,4,137,7/19/2024,
56,Ulberto Sidwell,usidwell1j@tinypic.com,Bread - White,10,96,6/30/2024,
57,Byram Bediss,bbediss1k@examiner.com,Butter - Salted,10,90,9/20/2023,
58,Jack Woodland,jwoodland1l@opensource.org,Apples - Red,4,25,6/30/2023,
59,Kippar Spruce,kspruce1m@dagondesign.com,Bread - Whole Wheat,3,157,6/13/2024,
60,Neysa Naper,nnaper1n@rediff.com,Pasta - Spaghetti,4,103,2/4/2024,
61,Engracia Downs,edowns1o@addtoany.com,Cereal - Chocolate,3,195,8/29/2023,
62,Truman Abbet,tabbet1p@opensource.org,Water - Bottled,8,185,7/21/2023,
63,Ursuline Ashfull,uashfull1q@arizona.edu,Cereal - Cornflakes,,84,4/12/2024,
64,Adara Nelthrop,anelthrop1r@accuweather.com,Apples - Green,5,239,3/17/2024,
65,Calv Rourke,crourke1s@51.la,Apples - Green,,74,4/3/2024,
66,Jacques Chitty,jchitty1t@icio.us,Chicken - Thigh,4,297,5/28/2024,
67,Stevena Bangham,sbangham1u@taobao.com,Chicken - Breast,8,237,7/16/2023,
68,Bren Drain,bdrain1v@sciencedaily.com,Beef - Ground,7,248,1/29/2024,
69,Junia Goldsack,jgoldsack1w@fc2.com,Milk - 2L,4,270,7/16/2024,
70,Sheree Leport,sleport1x@bloglines.com,Bread - Whole Wheat,6,206,3/9/2024,
71,Hakim Kingstne,hkingstne1y@npr.org,Eggs - 6 Pack,5,201,9/29/2024,
72,Lyon Daville,ldaville1z@storify.com,Butter - Unsalted,8,247,2/4/2024,
73,Gregoor Tadlow,gtadlow20@nymag.com,Apples - Green,10,251,5/6/2023,
74,Kain Merrywether,kmerrywether21@ted.com,Rice - Basmati,5,24,3/19/2024,
75,Christoffer Hayton,chayton22@plala.or.jp,Apples - Green,4,226,11/6/2024,
76,Weidar Saffin,wsaffin23@ifeng.com,Chips - Salted,2,37,5/17/2023,
77,Normy Bulcock,nbulcock24@ted.com,Pasta - Penne,9,276,8/8/2024,
78,Petra Snelman,psnelman25@soup.io,Chips - Salted,4,,7/31/2023,
79,,,Soft Drink - Cola,1,52,1/14/2024,
80,Blanch Woodcock,bwoodcock27@va.gov,Eggs - 12 Pack,5,9,12/10/2024,
81,Skye Ryce,sryce28@scientificamerican.com,Chicken - Breast,2,229,4/10/2024,
82,Rancell Snoad,rsnoad29@fotki.com,Rice - Basmati,10,128,3/5/2024,
83,Derk Palphramand,dpalphramand2a@diigo.com,Cereal - Chocolate,5,78,3/23/2024,
84,Richy Swinerd,rswinerd2b@bbc.co.uk,Chips - Barbecue,7,258,12/29/2024,
85,Alexa Waldera,awaldera2c@weather.com,Eggs - 12 Pack,1,18,8/17/2023,
86,Fonzie Wildor,fwildor2d@yale.edu,Cheese - Mozzarella,4,298,5/6/2024,
87,Dyana Hustings,,Cereal - Cornflakes,7,47,10/7/2024,
88,Cyndia Kitteringham,ckitteringham2f@wiley.com,Eggs - 6 Pack,7,57,1/31/2024,
89,Barde Mayzes,bmayzes2g@surveymonkey.com,Chips - Salted,,59,5/9/2023,
90,Pattin Rickards,prickards2h@virginia.edu,Beef - Steak,4,115,9/9/2024,
91,Alexis Sline,asline2i@sitemeter.com,Chicken - Thigh,3,144,7/2/2024,
92,Morly Corstorphine,mcorstorphine2j@army.mil,Bananas,3,217,12/31/2024,
93,Issie Longmate,ilongmate2k@cbsnews.com,Butter - Salted,,213,7/4/2024,
94,Kylila Wallege,kwallege2l@angelfire.com,Rice - Jasmine,2,272,11/8/2024,
95,Kahlil Carillo,kcarillo2m@lulu.com,Apples - Red,9,116,8/5/2024,
96,Deonne Conerding,dconerding2n@nymag.com,Soft Drink - Cola,3,189,9/10/2023,
97,Adelbert Thrift,athrift2o@constantcontact.com,Milk - 2L,10,272,7/27/2024,
98,Brnaby Linnemann,blinnemann2p@cam.ac.uk,Chicken - Breast,,2,5/7/2024,
99,Reynold MacTerrelly,rmacterrelly2q@dedecms.com,Juice - Apple,9,164,4/5/2024,
100,Annamaria Arndt,aarndt2r@google.com.hk,Carrots - 1kg,9,67,8/15/2023,
101,Cornelius Krollmann,ckrollmann2s@360.cn,Potatoes - 1kg,2,3,3/21/2024,
102,Kiri Maplethorpe,kmaplethorpe2t@soup.io,Oranges,4,47,3/9/2024,
103,Annaliese Bennis,abennis2u@dmoz.org,Chips - Barbecue,5,35,8/21/2023,
104,Meier Cordobes,mcordobes2v@desdev.cn,Butter - Salted,7,76,4/1/2024,
105,Inessa Gammet,igammet2w@diigo.com,Butter - Salted,5,32,12/13/2023,
106,Desi Skillings,dskillings2x@cloudflare.com,Juice - Apple,4,84,8/17/2023,
107,,cgriffith2y@com.com,Eggs - 6 Pack,3,281,5/28/2023,
108,Osbourn Farrear,ofarrear2z@issuu.com,Oranges,1,278,1/24/2024,
109,,,Pasta - Penne,1,211,6/22/2024,
110,Tess Syrett,tsyrett31@gov.uk,Chicken - Breast,10,187,10/21/2023,
111,Bord Fold,,Onions - 1kg,10,28,9/1/2024,
112,Farris Burns,fburns33@slate.com,Rice - Basmati,9,82,8/9/2024,
113,Fonsie Carwithim,fcarwithim34@stanford.edu,Fish - Salmon,7,73,7/20/2024,
114,Fredrika Missen,fmissen35@twitpic.com,Bananas,10,179,5/19/2023,
115,Arni Gonnel,agonnel36@bandcamp.com,Beef - Steak,9,96,9/16/2023,
116,Prue Gittings,pgittings37@newsvine.com,Juice - Apple,5,256,7/28/2023,
117,Odette Neaverson,oneaverson38@studiopress.com,Bread - Whole Wheat,,56,1/14/2024,
118,,kmansour39@tamu.edu,Ice Cream - Chocolate,2,164,1/1/2025,
119,Alyss Seifenmacher,aseifenmacher3a@unblog.fr,Milk - 2L,7,262,3/25/2024,
120,Barb Deetlof,bdeetlof3b@wiley.com,Beef - Ground,,51,1/18/2024,
121,Cris Carlos,ccarlos3c@umn.edu,Cheese - Cheddar,8,,9/8/2024,
122,Nero Allsupp,nallsupp3d@theguardian.com,Water - Bottled,10,155,6/28/2024,
123,Frederic Estoile,festoile3e@webmd.com,Cheese - Mozzarella,,210,12/9/2023,
124,Woodman Say,,Cheese - Mozzarella,,256,6/22/2023,
125,Franz Camellini,,Rice - Jasmine,7,35,2/18/2024,
126,Sibella Ammer,,Apples - Green,5,286,12/28/2023,
127,Cameron Caras,ccaras3i@huffingtonpost.com,Carrots - 1kg,,269,5/1/2024,
128,Jerrie Gayter,jgayter3j@omniture.com,Chips - Salted,,224,5/14/2024,
129,Dulci Sheppard,dsheppard3k@1und1.de,Cereal - Chocolate,8,36,12/31/2024,
130,Belva Abrahamian,babrahamian3l@xing.com,Chips - Salted,3,94,3/20/2024,
131,Farica de Keep,fde3m@imageshack.us,Cereal - Chocolate,5,261,6/21/2024,
132,Griz Basley,gbasley3n@nhs.uk,Chicken - Thigh,6,,12/18/2024,
133,Marget Tarrant,mtarrant3o@4shared.com,Bread - White,7,89,11/28/2023,
134,,gpunt3p@mapquest.com,Juice - Orange,9,176,1/6/2025,
135,Benedikt Dent,bdent3q@ox.ac.uk,CHICKEN - Thigh,8,88,5/11/2024,
136,Ana Rosso,arosso3r@wiley.com,Rice - Jasmine,8,292,10/6/2024,
137,Beatrisa Murden,bmurden3s@java.com,Cereal - Chocolate,9,,4/10/2024,
138,Geoff Mingardi,,Butter - Unsalted,6,156,5/2/2024,
139,Orton Cotty,ocotty3u@devhub.com,Cereal - Cornflakes,8,126,4/15/2024,
140,Piotr Marven,pmarven3v@edublogs.org,Bananas,,179,10/4/2024,
141,Mordy Langelaan,mlangelaan3w@amazon.co.jp,Bananas,6,237,11/19/2024,
142,Ansell Darker,adarker3x@europa.eu,Yogurt - Strawberry,2,146,9/4/2023,
143,Nefen Guille,nguille3y@squidoo.com,Rice - Jasmine,5,101,9/2/2023,
144,Elinore Bright,ebright3z@usda.gov,Onions - 1kg,1,156,5/15/2023,
145,Upton Rosberg,urosberg40@indiatimes.com,Pasta - Penne,10,173,6/9/2023,
146,Lenora Syalvester,lsyalvester41@businessinsider.com,Potatoes - 1kg,,13,1/29/2024,
147,,ddeandisie42@shinystat.com,Chicken - Thigh,5,54,5/14/2024,
148,Parrnell Debell,pdebell43@intel.com,Beef - Ground,1,165,5/16/2024,
149,Amalle Lazarus,alazarus44@hc360.com,Potatoes - 1kg,5,11,5/11/2023,
150,Vachel Truss,vtruss45@csmonitor.com,Cheese - Cheddar,,167,5/20/2023,
151,Lannie Brew,lbrew46@123-reg.co.uk,Pasta - Spaghetti,1,163,1/29/2024,
152,Archy Shillaber,ashillaber47@parallels.com,Juice - Orange,1,118,8/24/2023,
153,Cristina Turbat,,Eggs - 6 Pack,3,4,12/20/2024,
154,Ellery Atwell,eatwell49@sphinn.com,Bananas,8,142,8/12/2023,
155,Urson Diglin,udiglin4a@hostgator.com,Carrots - 1kg,8,110,12/1/2023,
156,Karissa Livingstone,,Pasta - Penne,4,107,3/31/2024,
157,Cullen Gillison,cgillison4c@fema.gov,Yogurt - Strawberry,10,,3/25/2024,
158,Kerry Coronas,kcoronas4d@ezinearticles.com,MILK,7,83,12/21/2024,
159,Charlena Jollands,cjollands4e@topsy.com,Bread - White,2,287,11/21/2023,
160,Alasdair Laxen,alaxen4f@hp.com,Juice - Apple,6,114,6/6/2023,
161,Vincenz McDoual,vmcdoual4g@sciencedirect.com,Cheese - Cheddar,8,113,8/16/2023,
162,Glynnis Isabell,,Oranges,2,127,1/9/2024,
163,Lenna Barbara,lbarbara4i@odnoklassniki.ru,Juice - Orange,8,92,11/7/2024,
164,Marco Barthram,mbarthram4j@posterous.com,Butter - Salted,3,83,10/11/2023,
165,Erastus Dykins,edykins4k@flavors.me,Fish - Tuna,7,,10/8/2024,
166,Neal Capaldo,ncapaldo4l@geocities.com,Pasta - Spaghetti,,189,5/7/2023,
167,Adelaida Drews,adrews4m@people.com.cn,Soft Drink - Cola,4,86,12/21/2024,
168,Bogey Sloat,bsloat4n@facebook.com,Bananas,10,195,10/27/2024,
169,Raeann Harbage,rharbage4o@deliciousdays.com,Oranges,4,203,6/12/2023,
170,Kaine Christophersen,kchristophersen4p@indiegogo.com,Cereal - Chocolate,2,54,10/23/2024,
171,Lindsay Shouler,lshouler4q@oracle.com,Rice - Jasmine,10,16,6/23/2023,
172,Gav Ping,gping4r@thetimes.co.uk,Bread - Whole Wheat,7,71,7/25/2024,
173,Wrennie Kezourec,wkezourec4s@cbsnews.com,Rice - Basmati,7,272,9/16/2023,
174,Candis Hannam,channam4t@omniture.com,Eggs - 12 Pack,8,91,8/18/2024,
175,Dame Franckton,dfranckton4u@si.edu,RICE,,91,5/3/2024,
176,Kathy Steuhlmeyer,ksteuhlmeyer4v@istockphoto.com,Soft Drink - Lemon,8,217,11/9/2024,
177,Kimberlee Cantero,kcantero4w@squidoo.com,Apples - Red,7,218,4/28/2024,
178,Cherye Youthed,cyouthed4x@samsung.com,Ice Cream - Vanilla,4,137,8/31/2023,
179,Carmencita D'Aguanno,cdaguanno4y@canalblog.com,Onions - 1kg,4,135,10/10/2023,
180,Prudy Moreside,pmoreside4z@dropbox.com,Rice - Basmati,2,54,8/24/2023,
181,Pascale Curgenven,pcurgenven50@histats.com,Beef - Steak,6,170,11/18/2023,
182,,mjerrams51@cornell.edu,Soft Drink - Lemon,7,284,7/13/2023,
183,Darn Trevain,dtrevain52@patch.com,Rice - Basmati,9,147,9/22/2024,
184,Kilian Shipston,kshipston53@fda.gov,Apples - Red,4,69,11/21/2024,
185,Paulina Gorwood,pgorwood54@accuweather.com,Potatoes - 1kg,9,185,11/15/2024,
186,Geoff Cuddehay,gcuddehay55@nba.com,Chicken - Thigh,3,70,7/13/2023,
187,Alys Stutt,astutt56@marriott.com,Water - Bottled,2,139,5/2/2024,
188,Dahlia Sharrocks,,Juice - Apple,4,8,8/19/2023,
189,Hale Groome,hgroome58@nationalgeographic.com,Oranges,1,75,7/6/2023,
190,Manny Manneville,mmanneville59@time.com,Cereal - Chocolate,9,194,11/5/2024,
191,Victor Pemberton,vpemberton5a@hc360.com,Cheese - Mozzarella,9,295,12/2/2024,
192,Thomasa Crathorne,tcrathorne5b@barnesandnoble.com,Butter - Unsalted,4,266,7/12/2024,
193,Ninnetta Franzolini,nfranzolini5c@nasa.gov,Oranges,6,274,9/20/2024,
194,Blondy Papachristophorou,bpapachristophorou5d@irs.gov,Soft Drink - Cola,5,140,8/18/2023,
195,Kit Androck,,Chips - Barbecue,1,8,8/20/2024,
196,Ethelbert Woodley,ewoodley5f@auda.org.au,Cereal - Cornflakes,,218,5/13/2024,
197,Valaree Buxton,vbuxton5g@t.co,Beef - Ground,3,168,9/25/2024,
198,Orsola Risom,orisom5h@canalblog.com,ONIONS ,4,268,11/3/2024,
199,Jessalyn Barnwall,jbarnwall5i@friendfeed.com,Rice - Basmati,1,40,9/22/2023,
200,Gus Callear,gcallear5j@multiply.com,Yogurt - Strawberry,9,241,11/11/2023,
201,Gunar Connichie,,Juice - Orange,7,,3/20/2024,
202,Aeriel Hucker,ahucker5l@networksolutions.com,Soft Drink - Lemon,8,83,12/31/2023,
203,Tobi Emilien,temilien5m@sakura.ne.jp,Beef - Ground,1,272,5/31/2024,
204,Myrtice Ludford,mludford5n@unblog.fr,Bread - White,5,218,2/17/2024,
205,Goldi Helliar,ghelliar5o@ucla.edu,Cheese - Mozzarella,2,55,5/24/2024,
206,Sandor Gutch,sgutch5p@simplemachines.org,Pasta - Penne,9,113,12/19/2023,
207,Debera Annies,dannies5q@taobao.com,Chips - Barbecue,,,4/26/2024,
208,Stephie Mathen,smathen5r@bluehost.com,Butter - Unsalted,10,116,9/25/2023,
209,Shela Robecon,srobecon5s@seesaa.net,Eggs - 12 Pack,10,289,3/31/2024,
210,Annice Taysbil,ataysbil5t@123-reg.co.uk,Cheese - Mozzarella,7,199,2/2/2024,
211,Clayborne Marwick,cmarwick5u@zimbio.com,Apples - Red,7,279,7/2/2023,
212,Ogdon Maric,omaric5v@smh.com.au,Butter - Unsalted,7,,9/19/2024,
213,Jerrie Lymer,jlymer5w@europa.eu,Milk - 2L,5,,10/25/2024,
214,Ivan MacFaell,imacfaell5x@bizjournals.com,Ice Cream - Chocolate,7,243,9/24/2023,
215,Dorine Nicholl,dnicholl5y@webs.com,Oranges,3,196,12/26/2024,
216,,glakes5z@pcworld.com,Fish - Salmon,,240,8/12/2024,
217,Randie Dolton,rdolton60@japanpost.jp,Chicken - Thigh,4,223,6/16/2024,
218,Thornie Sawood,tsawood61@indiegogo.com,Bread - Whole Wheat,1,165,12/30/2024,
219,Mata Armand,marmand62@biglobe.ne.jp,Butter - Salted,1,43,3/11/2024,
220,,aanderl63@123-reg.co.uk,Fish - Tuna,4,4,8/17/2024,
221,,cmennithorp64@ustream.tv,Fish - Tuna,1,66,5/29/2024,
222,Mercedes Spriggen,mspriggen65@com.com,Pasta - Spaghetti,4,53,8/6/2023,
223,,aalbarez66@ameblo.jp,Soft Drink - Lemon,7,44,12/3/2023,
224,Rubie Sirkett,rsirkett67@phpbb.com,Yogurt - Plain,9,275,5/20/2024,
225,Raeann Jacobsohn,rjacobsohn68@seesaa.net,Apples - Green,4,109,8/30/2024,
226,,ewyleman69@youku.com,Butter - Unsalted,2,26,11/17/2024,
227,Esra Itzhaiek,eitzhaiek6a@mozilla.com,Juice - Apple,4,72,3/31/2024,
228,Holli Siemianowicz,hsiemianowicz6b@alibaba.com,Yogurt - Strawberry,3,207,1/4/2024,
229,Sashenka Skehens,,Cheese - Cheddar,2,268,7/20/2024,
230,Seymour McArte,smcarte6d@gravatar.com,Cheese - Mozzarella,5,146,9/7/2024,
231,Selie Jannasch,sjannasch6e@123-reg.co.uk,Chips - Barbecue,3,8,8/22/2023,
232,Berty Downs,bdowns6f@unc.edu,Juice - Orange,6,156,9/7/2024,
233,Karrie Rushbury,krushbury6g@youku.com,Soft Drink - Cola,3,69,10/2/2024,
234,Gilli Labes,glabes6h@state.tx.us,Carrots - 1kg,4,144,2/27/2024,
235,Miranda Sibbet,msibbet6i@mayoclinic.com,Beef - Steak,,232,1/5/2024,
236,Deonne Anselm,danselm6j@china.com.cn,Carrots - 1kg,2,168,5/20/2023,
237,Maryjane Westhead,mwesthead6k@geocities.jp,Carrots - 1kg,6,85,6/13/2024,
238,Nathanael Winspire,nwinspire6l@state.gov,Butter - Salted,4,204,4/3/2024,
239,Anthea Bethell,abethell6m@statcounter.com,Milk - 1L,6,36,6/21/2024,
240,Ludwig Tye,,Rice - Jasmine,1,112,5/23/2024,
241,Tammie Drennan,tdrennan6o@e-recht24.de,Chips - Barbecue,,209,8/28/2023,
242,Penelope Joskowitz,pjoskowitz6p@hubpages.com,Soft Drink - Cola,2,222,7/10/2024,
243,Claudia Exall,cexall6q@ovh.net,Chips - Barbecue,7,276,9/30/2024,
244,Jewel Eshmade,,Beef - Ground,,233,11/3/2023,
245,Faustine Doram,,Cheese - Cheddar,1,96,1/21/2024,
246,Tulley Buddleigh,tbuddleigh6t@stanford.edu,Fish - Salmon,6,222,9/11/2024,
247,Sibella Nashe,snashe6u@buzzfeed.com,Chicken - Thigh,4,174,4/5/2024,
248,Perren Evesque,pevesque6v@cloudflare.com,Carrots - 1kg,2,145,6/21/2023,
249,Casi Jankovsky,cjankovsky6w@bing.com,Fish - Salmon,7,173,6/7/2023,
250,Blinni Keen,bkeen6x@exblog.jp,Rice - Jasmine,2,96,10/18/2023,
251,Florance Marriott,fmarriott6y@umich.edu,Juice - Apple,7,233,9/17/2024,
252,Becki Hlavac,bhlavac6z@bloglines.com,Bread - White,3,,8/28/2023,
253,Paulie Capps,pcapps70@cargocollective.com,Potatoes - 1kg,2,125,7/28/2023,
254,Shay Gerckens,sgerckens71@cnn.com,Butter - Unsalted,2,105,11/30/2024,
255,Cassandry Dy,,Yogurt - Plain,3,272,3/15/2024,
256,Vladimir Spelwood,vspelwood73@shareasale.com,Bread - White,,143,11/17/2024,
257,Brandea Byrnes,bbyrnes74@mit.edu,Cheese - Cheddar,7,,12/29/2024,
258,Donovan Fullicks,dfullicks75@telegraph.co.uk,Cheese - Mozzarella,3,53,2/27/2024,
259,Kristien Brackpool,kbrackpool76@washingtonpost.com,Onions - 1kg,,261,12/19/2024,
260,Nert Murricanes,nmurricanes77@mapy.cz,Yogurt - Plain,5,27,6/11/2024,
261,Almire Tape,atape78@europa.eu,Yogurt - Strawberry,,68,1/7/2025,
262,Sonny Yakobowitch,syakobowitch79@a8.net,Chips - Salted,,81,1/16/2024,
263,Kira Gibberd,kgibberd7a@vk.com,Cheese - Mozzarella,4,148,12/9/2023,
264,Conway Naisey,,Cheese - Mozzarella,1,154,9/13/2024,
265,Frederich Pourveer,fpourveer7c@blog.com,CHEESE,2,298,1/3/2024,
266,Jody De Filippis,jde7d@goodreads.com,Pasta - Spaghetti,9,,5/29/2024,
267,Goldarina Cassin,,Juice - Apple,2,180,10/9/2023,
268,Maud Fosbraey,mfosbraey7f@irs.gov,Yogurt - Plain,4,,7/5/2024,
269,Julie Lotte,jlotte7g@blogtalkradio.com,Chicken - Thigh,5,82,10/14/2023,
270,Maressa Brownlie,mbrownlie7h@tamu.edu,Beef - Steak,7,98,5/5/2024,
271,Brendis Emmet,bemmet7i@ameblo.jp,Soft Drink - Cola,1,252,1/14/2024,
272,Ripley Sant,rsant7j@issuu.com,Eggs - 12 Pack,,46,8/10/2024,
273,Andria Dreger,adreger7k@google.com.au,Chicken - Thigh,6,249,6/19/2024,
274,Katrine Adam,kadam7l@oaic.gov.au,Rice - Jasmine,5,,1/23/2024,
275,Alexandrina Cawker,acawker7m@ibm.com,Butter - Salted,5,167,2/16/2024,
276,Chrystal Serraillier,cserraillier7n@intel.com,Carrots - 1kg,10,114,11/19/2024,
277,Karly Cole,kcole7o@un.org,Milk - 1L,6,173,10/24/2023,
278,Ileana Ledbetter,iledbetter7p@1und1.de,MILK,9,,1/27/2024,
279,Germain Whitear,gwhitear7q@gravatar.com,Juice - Orange,,155,9/22/2024,
280,Margareta Haston,mhaston7r@alibaba.com,Cereal - Chocolate,7,245,8/22/2023,
281,Papageno Voas,pvoas7s@ycombinator.com,Carrots - 1kg,10,238,5/15/2024,
282,,,Eggs - 6 Pack,1,36,10/12/2024,
283,Brigid Heindrich,bheindrich7u@washington.edu,Milk - 2L,,238,9/28/2024,
284,Grazia Stienton,gstienton7v@pbs.org,Eggs - 12 Pack,4,,6/19/2023,
285,Zorina Stubley,,Potatoes - 1kg,3,101,8/11/2023,
286,Harv Mutimer,hmutimer7x@mysql.com,Soft Drink - Cola,8,186,12/19/2023,
287,Porty Antonietti,pantonietti7y@yellowpages.com,Cereal - Cornflakes,10,126,1/13/2024,
288,Lemmie Febre,lfebre7z@adobe.com,Milk - 2L,7,298,9/2/2023,
289,Odelle Saunier,osaunier80@unblog.fr,Onions - 1kg,9,104,11/24/2024,
290,Jolee Thomesson,jthomesson81@berkeley.edu,Rice - Basmati,1,,11/19/2023,
291,Merrily McDarmid,mmcdarmid82@scribd.com,Rice - Basmati,3,114,5/25/2023,
292,Shaylyn Ubach,subach83@parallels.com,Yogurt - Strawberry,2,127,6/3/2023,
293,Kassia Downage,kdownage84@flickr.com,Cereal - Cornflakes,9,,7/26/2024,
294,Madlen Hamprecht,,Soft Drink - Cola,1,138,1/3/2025,
295,,ijeanneau86@harvard.edu,Bread - White,4,300,11/6/2024,
296,,fpetruska87@google.com.br,Eggs - 6 Pack,7,66,5/4/2024,
297,Worth Kenward,,Cheese - Mozzarella,2,148,11/21/2024,
298,Brittaney Humby,bhumby89@miibeian.gov.cn,Chicken - Breast,9,121,10/6/2024,
299,Abran Lemmon,alemmon8a@guardian.co.uk,Yogurt - Strawberry,1,299,5/4/2024,
300,Sher Heindle,sheindle8b@blogs.com,Milk - 2L,8,288,6/5/2024,
301,Katharina Ashleigh,kashleigh8c@elegantthemes.com,Carrots - 1kg,1,35,7/12/2023,
302,Jasun Kitching,jkitching8d@google.co.jp,Juice - Apple,9,120,5/19/2024,
303,Heinrick Ragdale,hragdale8e@arizona.edu,Fish - Tuna,10,36,6/27/2024,
304,Sigrid Thirst,sthirst8f@rambler.ru,Bananas,,247,12/22/2023,
305,Vera Danielczyk,vdanielczyk8g@delicious.com,Onions - 1kg,4,77,7/2/2024,
306,Mort Littledyke,mlittledyke8h@foxnews.com,Water - Bottled,10,193,5/24/2023,
307,Jillie Huttley,jhuttley8i@gnu.org,Apples - Red,,139,12/15/2023,
308,Janice Bourner,jbourner8j@si.edu,Chips - Barbecue,,169,8/25/2024,
309,Rivkah MacCoveney,rmaccoveney8k@twitpic.com,Bread - Whole Wheat,3,29,7/6/2023,
310,Port Harte,pharte8l@netvibes.com,Bananas,9,31,9/10/2024,
311,Carmine Mirfield,cmirfield8m@rambler.ru,Bread - White,9,,11/21/2024,
312,Nevsa La Rosa,,Milk - 1L,4,101,11/19/2023,
313,Bridie Sprey,bsprey8o@indiatimes.com,EGGS,8,222,4/24/2024,
314,Tilda Saunper,tsaunper8p@whitehouse.gov,Apples - Green,8,188,5/13/2024,
315,Kaila Baudin,kbaudin8q@scientificamerican.com,Apples - Green,8,115,5/29/2023,
316,Paquito Klaaassen,pklaaassen8r@ibm.com,Rice - Basmati,,178,5/7/2024,
317,Hamid Finnie,hfinnie8s@wikimedia.org,Potatoes - 1kg,3,184,12/18/2023,
318,Danna Belone,,Eggs - 6 Pack,5,64,4/18/2024,
319,Dani Beardwell,dbeardwell8u@apache.org,Bread - Whole Wheat,3,,9/8/2024,
320,Dudley Rich,drich8v@huffingtonpost.com,Chips - Salted,,272,12/12/2023,
321,Belvia Batsford,bbatsford8w@umn.edu,Rice - Basmati,2,247,10/14/2023,
322,Jenica Scattergood,,Chicken - Breast,7,221,6/26/2024,
323,Nicoline Brou,nbrou8y@chicagotribune.com,Eggs - 12 Pack,9,21,12/2/2024,
324,Zacherie Gubbin,zgubbin8z@slideshare.net,Ice Cream - Vanilla,7,154,12/29/2024,
325,,blatore90@live.com,Rice - Basmati,9,149,11/24/2023,
326,Roxine Powers,rpowers91@home.pl,Cheese - Mozzarella,9,236,3/24/2024,
327,Joanne Jenne,jjenne92@kickstarter.com,Milk - 2L,6,,10/18/2023,
328,Bendite Salan,bsalan93@odnoklassniki.ru,Chips - Barbecue,,258,11/25/2024,
329,Lucais Ollerhad,lollerhad94@mashable.com,Ice Cream - Vanilla,4,139,12/11/2023,
330,Todd Sacher,tsacher95@sfgate.com,Bananas,4,170,5/22/2024,
331,,lbillett96@statcounter.com,Carrots - 1kg,9,117,11/28/2024,
332,Christopher Munt,cmunt97@nsw.gov.au,Fish - Tuna,8,41,12/10/2024,
333,Annabel di Rocca,adi98@parallels.com,Beef - Steak,3,250,8/20/2024,
334,Aurie Formie,,Chicken - Thigh,10,22,9/3/2024,
335,Cherin Etuck,cetuck9a@dropbox.com,Milk - 2L,4,292,10/2/2023,
336,Ronna Kobu,rkobu9b@163.com,Cheese - Cheddar,7,86,12/29/2023,
337,Justinian Wimpenny,jwimpenny9c@homestead.com,Beef - Steak,4,6,6/20/2023,
338,Philis McAughtry,pmcaughtry9d@twitpic.com,Fish - Salmon,2,294,6/24/2024,
339,Meriel Nosworthy,,Pasta - Penne,5,93,12/12/2023,
340,Gilles Ceschelli,gceschelli9f@dailymail.co.uk,Yogurt - Strawberry,10,285,1/24/2024,
341,Joscelin Drains,,Chicken - Breast,,,11/6/2023,
342,Sven Deverale,sdeverale9h@forbes.com,Carrots - 1kg,6,284,1/2/2024,
343,Pete Morecombe,pmorecombe9i@washington.edu,Chips - Salted,7,89,5/23/2023,
344,Ragnar Yegorov,,Ice Cream - Chocolate,9,,4/9/2024,
345,Agustin Heyburn,aheyburn9k@drupal.org,Butter - Salted,7,189,12/27/2023,
346,Brice Wedderburn,bwedderburn9l@list-manage.com,Chips - Barbecue,1,298,1/15/2024,
347,Jory De Freitas,jde9m@fda.gov,Milk - 1L,,41,12/14/2024,
348,Wallache Hobell,whobell9n@ifeng.com,Butter - Unsalted,,170,8/11/2024,
349,Melanie Towndrow,mtowndrow9o@census.gov,Chicken - Breast,5,241,6/10/2023,
350,Catlin Hourahan,chourahan9p@imdb.com,Juice - Apple,2,56,1/14/2024,
351,Hardy Jonathon,hjonathon9q@accuweather.com,Apples - Red,1,6,3/3/2024,
352,Lanni Larcombe,llarcombe9r@miitbeian.gov.cn,Juice - Apple,10,,7/23/2023,
353,,ndabell9s@blogger.com,Bread - Whole Wheat,8,,11/11/2023,
354,Marjorie Paolini,mpaolini9t@soundcloud.com,Onions - 1kg,1,185,11/11/2024,
355,Hurlee Brashier,hbrashier9u@wisc.edu,Yogurt - Plain,2,300,5/28/2024,
356,Felita Heisham,fheisham9v@parallels.com,Butter - Salted,10,187,9/3/2023,
357,Danya Issacof,dissacof9w@google.ca,Onions - 1kg,3,71,6/14/2023,
358,Raphael Tison,rtison9x@about.me,Yogurt - Plain,5,144,4/27/2024,
359,Adrienne Giamitti,agiamitti9y@webs.com,Fish - Tuna,6,258,2/12/2024,
360,Patsy O'Gleasane,pogleasane9z@dell.com,Ice Cream - Vanilla,5,211,3/1/2024,
361,Ethan Saunderson,esaundersona0@mediafire.com,Bread - Whole Wheat,9,,12/13/2023,
362,Elana Symers,,Fish - Salmon,3,126,12/3/2023,
363,Elroy Quirk,equirka2@timesonline.co.uk,Potatoes - 1kg,1,86,9/17/2023,
364,Germaine Moukes,gmoukesa3@canalblog.com,Cheese - Mozzarella,7,96,11/1/2024,
365,Konstanze Jillins,,Bananas,5,235,11/2/2024,
366,Elga Irlam,,Cereal - Cornflakes,8,153,10/30/2023,
367,Kynthia Amberger,kambergera6@msu.edu,Juice - Orange,4,203,5/19/2024,
368,Car Kerswell,ckerswella7@usnews.com,Cereal - Chocolate,5,40,7/17/2023,
369,Peter Mathon,pmathona8@loc.gov,BEEF  ,5,1,12/30/2024,
370,Shae McDavitt,,Juice - Orange,1,45,12/29/2023,
371,Herminia Jobbings,hjobbingsaa@macromedia.com,Milk - 2L,,277,10/26/2023,
372,Alexandrina Glaves,aglavesab@squarespace.com,Pasta - Spaghetti,4,124,3/8/2024,
373,Gayle Pichmann,gpichmannac@artisteer.com,Ice Cream - Vanilla,10,222,6/8/2023,
374,Winnifred Semiras,,Milk - 1L,1,184,6/27/2024,
375,Rolph Gealy,rgealyae@friendfeed.com,Rice - Basmati,6,145,10/17/2024,
376,Cobbie Leftbridge,cleftbridgeaf@oakley.com,Bread - Whole Wheat,2,272,12/11/2023,
377,Gerik Favey,gfaveyag@last.fm,Bread - Whole Wheat,,96,9/13/2023,
378,Kort Soro,ksoroah@berkeley.edu,Eggs - 6 Pack,9,149,9/1/2024,
379,Cherlyn Truckell,ctruckellai@bloomberg.com,Ice Cream - Chocolate,,252,5/9/2023,
380,Nicky Pirie,npirieaj@ocn.ne.jp,Butter - Unsalted,6,,12/19/2023,
381,Ondrea Goman,ogomanak@issuu.com,Pasta - Spaghetti,1,148,5/7/2024,
382,Susi Pierpoint,spierpointal@slashdot.org,Pasta - Spaghetti,2,141,8/31/2024,
383,Godard Watton,gwattonam@privacy.gov.au,Bread - White,,244,7/5/2024,
384,Derry Tunkin,dtunkinan@paypal.com,Onions - 1kg,10,142,6/29/2023,
385,Saundra Simner,ssimnerao@arizona.edu,Water - Bottled,4,127,2/3/2024,
386,Parnell Bostock,pbostockap@barnesandnoble.com,Chips - Barbecue,1,,6/26/2023,
387,Pietro Enderson,pendersonaq@ebay.co.uk,Bread - White,8,17,11/29/2023,
388,Pauletta Winslade,pwinsladear@usatoday.com,Bread - White,4,72,12/25/2024,
389,Meryl Issac,,Carrots - 1kg,10,276,12/19/2023,
390,Chryste Hildred,childredat@sun.com,Chips - Barbecue,4,298,10/4/2024,
391,Gar Padkin,gpadkinau@quantcast.com,Water - Bottled,6,56,2/26/2024,
392,Garrett Littley,glittleyav@harvard.edu,Pasta - Spaghetti,4,168,6/18/2024,
393,Rodger Danford,rdanfordaw@pinterest.com,Soft Drink - Lemon,5,71,3/15/2024,
394,Lexy Swinyard,lswinyardax@oracle.com,Rice - Jasmine,7,257,8/25/2023,
395,Eve Sommerland,esommerlanday@wsj.com,Milk - 2L,6,196,9/30/2023,
396,Durant Casazza,dcasazzaaz@histats.com,Potatoes - 1kg,4,255,2/14/2024,
397,Rogers Gavahan,rgavahanb0@a8.net,Oranges,7,155,12/23/2024,
398,Dag Vigietti,,Potatoes - 1kg,4,14,6/21/2024,
399,Gerrie Claque,gclaqueb2@taobao.com,Bananas,7,286,7/23/2023,
400,Nanine Le Barr,nleb3@opensource.org,Rice - Jasmine,6,297,10/30/2023,
401,Sophia Munby,smunbyb4@netvibes.com,Soft Drink - Lemon,9,2,1/7/2024,
402,Benedicto Lehon,blehonb5@macromedia.com,Potatoes - 1kg,7,37,8/28/2023,
403,Silvie Tippings,stippingsb6@yelp.com,Ice Cream - Vanilla,3,,10/7/2024,
404,Olive Sharply,osharplyb7@cloudflare.com,Chips - Salted,5,141,9/30/2023,
405,Benedict Winkworth,bwinkworthb8@blogs.com,Apples - Green,1,294,10/6/2023,
406,Nikki Ronca,nroncab9@washingtonpost.com,Cereal - Chocolate,7,153,4/13/2024,
407,,ccosgroveba@vimeo.com,Bread - Whole Wheat,8,169,5/16/2023,
408,,bmathewsonbb@nps.gov,Chicken - Breast,8,32,5/31/2023,
409,Erin McAsgill,emcasgillbc@topsy.com,Juice - Orange,,297,9/30/2023,
410,Aurlie Swaine,aswainebd@studiopress.com,Chips - Salted,5,157,6/6/2023,
411,Idette Grzelczyk,igrzelczykbe@amazonaws.com,Ice Cream - Chocolate,9,87,8/9/2024,
412,Gale Bowers,gbowersbf@webmd.com,Pasta - Penne,5,263,7/5/2024,
413,Rriocard Faithfull,,Yogurt - Plain,9,231,12/3/2024,
414,Halsey Bysaker,hbysakerbh@jigsy.com,Chips - Salted,,113,8/29/2024,
415,Aubine Gutowska,agutowskabi@unicef.org,Soft Drink - Lemon,6,151,8/17/2024,
416,Boot Rikard,brikardbj@webmd.com,Rice - Basmati,5,194,4/28/2024,
417,Chandal Woolway,cwoolwaybk@wufoo.com,Fish - Salmon,9,300,11/1/2024,
418,Ragnar Streatfeild,rstreatfeildbl@blinklist.com,Cheese - Mozzarella,,107,5/8/2024,
419,Angele Laverenz,alaverenzbm@seesaa.net,Bread - Whole Wheat,4,175,8/7/2024,
420,Paton Ladds,pladdsbn@seattletimes.com,Pasta - Spaghetti,8,292,9/3/2024,
421,Teddy Phizakarley,tphizakarleybo@cargocollective.com,Bananas,6,253,7/28/2024,
422,Kati Chicken,kchickenbp@sciencedirect.com,Beef - Ground,4,226,10/4/2024,
423,Haley Stancer,hstancerbq@wikispaces.com,Butter - Salted,8,57,12/10/2023,
424,Staford Maddinon,smaddinonbr@cbsnews.com,Chips - Salted,1,16,11/18/2023,
425,Pru Veart,pveartbs@mapquest.com,Cheese - Cheddar,2,298,5/14/2023,
426,Wileen Moston,wmostonbt@cdbaby.com,Ice Cream - Chocolate,10,95,7/30/2024,
427,Celisse Bebb,cbebbbu@blinklist.com,Rice - Jasmine,9,,2/9/2024,
428,Minne Rohlf,mrohlfbv@g.co,Fish - Tuna,10,123,9/11/2023,
429,Blake Dunkinson,bdunkinsonbw@usatoday.com,Beef - Ground,,39,12/19/2024,
430,Sheri Vaughten,svaughtenbx@nhs.uk,Chips - Salted,3,253,2/1/2024,
431,Anjanette Tixier,atixierby@prlog.org,Apples - Red,7,215,2/29/2024,
432,Konstantine Jochens,kjochensbz@naver.com,Onions - 1kg,2,123,6/20/2023,
433,Thalia Weadick,tweadickc0@house.gov,Yogurt - Strawberry,6,130,8/6/2024,
434,Geralda Sheering,gsheeringc1@yahoo.com,Cereal - Cornflakes,9,185,12/1/2023,
435,Lee Jullian,ljullianc2@huffingtonpost.com,Bread - White,8,39,12/8/2023,
436,,,Rice - Jasmine,4,219,6/1/2023,
437,Antony Goves,,Carrots - 1kg,8,10,11/13/2023,
438,Ernst Savil,esavilc5@yale.edu,Yogurt - Plain,9,,7/5/2023,
439,Millard Voce,mvocec6@weebly.com,Yogurt - Strawberry,3,,7/19/2023,
440,Jyoti Straffon,,Fish - Salmon,,241,12/15/2024,
441,Addy Kinkead,akinkeadc8@europa.eu,Cheese - Mozzarella,9,,3/21/2024,
442,Neils Scotney,nscotneyc9@nbcnews.com,Ice Cream - Chocolate,8,195,7/2/2024,
443,Franky Stitwell,fstitwellca@plala.or.jp,Potatoes - 1kg,,195,9/6/2024,
444,Carree Bortol,,Juice - Orange,6,262,3/5/2024,
445,Dickie McGennis,dmcgenniscc@elegantthemes.com,Carrots - 1kg,3,112,8/6/2023,
446,Rutter Ambrosio,rambrosiocd@wufoo.com,Beef - Steak,1,246,9/22/2023,
447,Jewell Ballinger,,Chicken - Breast,0,,8/21/2024,
448,Kelley Hebblewhite,khebblewhitecf@dropbox.com,Onions - 1kg,4,35,7/14/2024,
449,Worth Heyfield,,Potatoes - 1kg,10,95,11/17/2023,
450,Onfroi Tibalt,otibaltch@army.mil,Apples - Green,10,220,1/14/2024,
451,Layney Chapleo,lchapleoci@marriott.com,Onions - 1kg,5,84,6/10/2024,
452,Casper Folker,,Rice - Basmati,,211,10/8/2023,
453,,jboyseck@de.vu,Onions - 1kg,3,130,2/12/2024,
454,Mariann McNuff,,Cheese - Mozzarella,9,290,10/15/2023,
455,Celisse Romayne,,Cheese - Cheddar,4,24,3/12/2024,
456,Rosalie Hartup,,Yogurt - Plain,9,296,6/2/2024,
457,Happy Kopec,,Pasta - Penne,8,249,9/6/2024,
458,,vwilliscp@google.com.hk,Yogurt - Strawberry,5,,9/13/2023,
459,Janeczka Petracci,jpetraccicq@un.org,Cereal - Cornflakes,1,63,7/17/2023,
460,Bevvy Teggin,bteggincr@discuz.net,Beef - Steak,3,207,9/4/2024,
461,Lonny Jearum,ljearumcs@auda.org.au,Soft Drink - Lemon,,132,12/22/2023,
462,Amos Bettaney,abettaneyct@forbes.com,Cheese - Mozzarella,0,40,3/17/2024,
463,Corena Eby,cebycu@hostgator.com,Chicken - Thigh,7,187,2/24/2024,
464,Selig Legonidec,slegonideccv@apple.com,Cereal - Chocolate,,171,8/11/2024,
465,,,Ice Cream - Chocolate,5,,12/6/2024,
466,Ronnica MacAnelley,rmacanelleycx@bloglines.com,Juice - Apple,9,296,3/27/2024,
467,Manuel Euler,meulercy@ucoz.ru,Potatoes - 1kg,5,33,10/25/2023,
468,Hedvige Ezzy,hezzycz@webs.com,Potatoes - 1kg,2,44,2/20/2024,
469,Karel Iacomi,,Rice - Basmati,10,218,5/19/2023,
470,,bbardwalld1@woothemes.com,Bananas,,271,4/29/2024,
471,Marylin Skirven,mskirvend2@ihg.com,Chips - Salted,8,217,7/20/2024,
472,Teodoro Gonnin,,Rice - Basmati,1,,7/13/2023,
473,Felike McClunaghan,fmcclunaghand4@auda.org.au,Chicken - Thigh,8,152,7/2/2024,
474,Abbe Najera,,Juice - Orange,10,9,3/14/2024,
475,Kathie Klassman,,Eggs - 6 Pack,4,261,7/8/2023,
476,Katrinka Bice,kbiced7@google.es,Apples - Green,5,245,11/10/2023,
477,Shirline Plesing,splesingd8@marketwatch.com,Soft Drink - Lemon,,193,1/18/2024,
478,Ronna Sargant,rsargantd9@w3.org,Juice - Apple,10,57,6/28/2023,
479,Madelin Newlands,mnewlandsda@cocolog-nifty.com,Eggs - 6 Pack,8,163,5/7/2024,
480,Parry Winfrey,pwinfreydb@e-recht24.de,Butter - Salted,5,,6/29/2024,
481,Ede Edmenson,eedmensondc@vkontakte.ru,Cheese - Mozzarella,8,273,5/3/2024,
482,Ailyn Frays,,Chicken - Breast,9,141,12/6/2024,
483,Korney Ciabatteri,kciabatteride@dmoz.org,Potatoes - 1kg,,36,7/5/2024,
484,Brear Limrick,blimrickdf@zimbio.com,Rice - Jasmine,,253,6/27/2023,
485,Matilde Godleman,mgodlemandg@dailymotion.com,Eggs - 12 Pack,3,13,11/8/2024,
486,Bendicty Drejer,bdrejerdh@mtv.com,Beef - Steak,9,72,5/6/2023,
487,Sile Caff,scaffdi@opera.com,Beef - Steak,4,103,8/1/2023,
488,Alberto Griniov,,Bread - Whole Wheat,4,,7/13/2023,
489,Eyde Ethelston,eethelstondk@privacy.gov.au,Pasta - Penne,8,57,11/17/2023,
490,Freemon Blaze,fblazedl@wsj.com,Bananas,3,207,5/21/2023,
491,Yance Berntssen,,Onions - 1kg,10,4,6/29/2023,
492,Colet Been,cbeendn@scribd.com,Chicken - Thigh,6,63,8/11/2023,
493,Carrol Batecok,,Carrots - 1kg,5,177,8/3/2024,
494,Nadean Bartol,,Cereal - Cornflakes,4,95,1/15/2024,
495,Barbee Ilewicz,bilewiczdq@free.fr,Eggs - 6 Pack,2,271,12/15/2023,
496,Ellene Cockings,ecockingsdr@businessweek.com,Pasta - Spaghetti,4,191,2/16/2024,
497,Tally Ditchett,tditchettds@mozilla.com,Cheese - Mozzarella,1,90,10/31/2024,
498,Meggie Duffrie,,Chicken - Thigh,9,265,8/17/2023,
499,Eleanore Coggon,,Pasta - Spaghetti,9,124,11/2/2024,
500,Jerrold McKenzie,,Butter - Unsalted,5,116,12/1/2024,
501,Silvano Byfford,sbyfforddw@samsung.com,Onions - 1kg,6,999,9/29/2024,
502,Davine Camm,dcammdx@artisteer.com,Water - Bottled,,107,10/11/2023,
503,Theodora Falconar,tfalconardy@state.gov,Onions - 1kg,10,178,7/9/2023,
504,Hadley Heater,hheaterdz@123-reg.co.uk,Onions - 1kg,9,182,11/10/2024,
505,Hanna Cornejo,hcornejoe0@unblog.fr,Ice Cream - Chocolate,6,277,11/21/2024,
506,Ellsworth Ware,ewaree1@trellian.com,Beef - Ground,7,139,10/25/2024,
507,Tibold Cicchillo,tcicchilloe2@alexa.com,Eggs - 6 Pack,3,,9/10/2023,
508,Aldon Amphlett,aamphlette3@ameblo.jp,Milk - 1L,2,123,12/25/2024,
509,Marco Dimblebee,mdimblebeee4@unicef.org,Chips - Barbecue,3,184,1/10/2025,
510,Garvin MacMoyer,gmacmoyere5@cmu.edu,Soft Drink - Lemon,7,201,12/10/2023,
511,Viola Cavnor,,Ice Cream - Chocolate,9,221,4/8/2024,
512,Sara Dyball,sdyballe7@infoseek.co.jp,Yogurt - Plain,3,62,4/2/2024,
513,Dian Lotze,dlotzee8@angelfire.com,Cheese - Mozzarella,6,88,11/8/2023,
514,Alasdair Bech,abeche9@harvard.edu,Yogurt - Strawberry,8,174,9/7/2023,
515,Germain Icom,gicomea@msu.edu,Carrots - 1kg,8,,8/30/2023,
516,Cassius Solman,csolmaneb@soundcloud.com,Pasta - Spaghetti,6,98,3/15/2024,
517,Massimo Dimitrov,mdimitrovec@indiegogo.com,Apples - Green,2,245,10/17/2024,
518,Ax Woolfitt,awoolfitted@bravesites.com,Fish - Tuna,1,78,7/13/2024,
519,Wilbert Barbisch,wbarbischee@alexa.com,Rice - Basmati,10,181,12/14/2023,
520,Godfree Huison,ghuisonef@issuu.com,Pasta - Penne,1,293,7/8/2023,
521,Susanne Goatman,sgoatmaneg@ebay.com,Potatoes - 1kg,4,296,12/17/2023,
522,Rolfe Moodie,,Juice - Apple,7,,3/7/2024,
523,Natassia Ramble,nrambleei@msn.com,Milk - 2L,6,,6/30/2023,
524,Austin Pesic,apesicej@digg.com,Cheese - Mozzarella,8,,2/10/2024,
525,Giselle Gaish,ggaishek@blogspot.com,Milk - 2L,1,,8/5/2023,
526,Anthony Spawell,aspawellel@un.org,Soft Drink - Lemon,4,134,11/17/2024,
527,Renado Tull,rtullem@nba.com,Butter - Salted,0,264,6/28/2023,
528,De Olle,dolleen@wikimedia.org,Water - Bottled,,15,5/23/2024,
529,Gayelord Branch,,Onions - 1kg,9,95,3/27/2024,
530,Boot Loveman,blovemanep@typepad.com,Bananas,8,173,6/11/2023,
531,Sig Danielsen,,Butter - Salted,,999,10/11/2023,
532,Trstram Trase,ttraseer@smugmug.com,Cereal - Chocolate,3,73,3/23/2024,
533,Rick Avarne,ravarnees@google.nl,Soft Drink - Cola,,294,11/16/2023,
534,Chlo Syvret,,Cheese - Mozzarella,7,241,8/19/2023,
535,Cecilio McKinless,cmckinlesseu@sohu.com,Juice - Apple,10,89,7/6/2024,
536,Riley Eagell,reagellev@nsw.gov.au,Pasta - Penne,9,,6/10/2023,
537,Dotti Peevor,dpeevorew@plala.or.jp,Beef - Ground,4,288,7/17/2024,
538,Rozamond Clayal,rclayalex@amazon.co.jp,Butter - Unsalted,10,152,6/8/2024,
539,Rosella Biggar,,Ice Cream - Vanilla,4,292,11/4/2023,
540,Rog Zanassi,,Chips - Barbecue,5,299,6/30/2024,
541,Gran Godleman,ggodlemanf0@wunderground.com,Chicken - Breast,1,300,5/29/2023,
542,Scarlett Meldon,smeldonf1@ask.com,Cheese - Mozzarella,1,23,7/11/2024,
543,Steffi Lammenga,slammengaf2@wisc.edu,Pasta - Spaghetti,2,270,1/20/2024,
544,Angelina Tremblett,atremblettf3@webnode.com,Yogurt - Plain,6,48,12/28/2023,
545,Correy Keirle,ckeirlef4@google.com.au,Chicken - Breast,10,142,6/4/2023,
546,Marsh Figgins,mfigginsf5@gizmodo.com,Apples - Green,7,58,2/15/2024,
547,Shanon Whylie,swhylief6@ucla.edu,Bread - Whole Wheat,2,48,12/17/2024,
548,Murielle Moneti,mmonetif7@weebly.com,Ice Cream - Chocolate,9,142,2/20/2024,
549,Gwendolin Vanichev,gvanichevf8@cafepress.com,Yogurt - Strawberry,,294,1/15/2024,
550,Annadiane Tidball,atidballf9@goo.ne.jp,Chicken - Thigh,5,279,6/27/2024,
551,Raleigh Crowch,rcrowchfa@theatlantic.com,Cheese - Cheddar,1,,6/3/2023,
552,Aguistin Croose,acroosefb@cyberchimps.com,Fish - Tuna,3,,9/14/2024,
553,Lissy Croxford,lcroxfordfc@nature.com,Chicken - Thigh,6,289,6/6/2024,
554,Fidela Depport,fdepportfd@geocities.jp,Chips - Barbecue,7,96,5/7/2023,
555,Trumaine Iorillo,tiorillofe@cnbc.com,Cheese - Mozzarella,,24,4/19/2024,
556,Darwin Wolledge,dwolledgeff@fc2.com,Rice - Basmati,10,45,6/22/2024,
557,,cshadwickfg@xrea.com,Ice Cream - Chocolate,9,186,6/5/2024,
558,Adrien Poel,apoelfh@mtv.com,Eggs - 6 Pack,3,245,7/8/2023,
559,Winnie Wessell,,Butter - Unsalted,3,155,9/13/2023,
560,Lisle Whisson,lwhissonfj@issuu.com,Milk - 1L,6,213,11/13/2023,
561,Marta Didball,mdidballfk@slate.com,Chips - Salted,7,103,6/20/2023,
562,Loralyn Givens,lgivensfl@google.ca,Chips - Barbecue,7,8,7/30/2023,
563,Dolorita Romer,,Chips - Barbecue,2,297,11/6/2023,
564,Giffie Quiddington,gquiddingtonfn@youtube.com,Onions - 1kg,6,90,12/4/2023,
565,Silvano Hanratty,shanrattyfo@dailymotion.com,Potatoes - 1kg,10,281,2/5/2024,
566,Tilda Vanes,tvanesfp@domainmarket.com,Milk - 2L,10,232,1/2/2024,
567,Sumner Condie,scondiefq@irs.gov,Bread - White,1,238,2/3/2024,
568,Cristina Huleatt,chuleattfr@aol.com,Onions - 1kg,,126,6/23/2024,
569,Gwenni Bairnsfather,,Soft Drink - Lemon,3,173,6/27/2024,
570,Gabriela Yeoland,,Eggs - 12 Pack,4,113,12/19/2024,
571,Esteban Upcraft,eupcraftfu@netvibes.com,Soft Drink - Lemon,7,137,4/7/2024,
572,Hayes Grahamslaw,hgrahamslawfv@who.int,Milk - 2L,9,13,11/3/2023,
573,Kimberlyn Di Frisco,kdifw@boston.com,Chicken - Breast,4,86,6/21/2024,
574,Jae Batecok,jbatecokfx@shinystat.com,Apples - Green,6,15,9/28/2023,
575,Emyle Easum,eeasumfy@issuu.com,Juice - Apple,9,208,6/21/2024,
576,Karlyn Piscotti,kpiscottifz@sciencedirect.com,Milk - 2L,4,255,10/27/2023,
577,,rhuntlyg0@mit.edu,Chicken - Thigh,6,58,6/8/2023,
578,Cybil Edwardes,cedwardesg1@mac.com,Pasta - Penne,1,275,3/22/2024,
579,Iona De Gregorio,ideg2@ameblo.jp,Carrots - 1kg,1,156,7/26/2024,
580,,acageg3@eepurl.com,Chicken - Thigh,5,243,9/15/2023,
581,Pippo Fulbrook,pfulbrookg4@last.fm,Apples - Red,3,,8/3/2023,
582,Wallie Norquay,wnorquayg5@bizjournals.com,Chips - Barbecue,5,197,10/13/2023,
583,Emmett Mollin,,Butter - Unsalted,9,23,6/1/2023,
584,,,Yogurt - Strawberry,5,115,4/1/2024,
585,Franciskus Cypler,,Oranges,7,,9/23/2024,
586,Kore Millson,kmillsong9@loc.gov,Soft Drink - Cola,1,65,11/22/2023,
587,Hertha Aleksandrev,haleksandrevga@biblegateway.com,Pasta - Penne,4,181,4/12/2024,
588,Shandy Ballsdon,,Apples - Red,5,28,5/28/2024,
589,Marchall Bewick,mbewickgc@newsvine.com,Rice - Basmati,7,68,6/1/2024,
590,,,Cereal - Cornflakes,7,76,6/28/2024,
591,Edythe Fadian,efadiange@miibeian.gov.cn,Apples - Green,7,202,1/28/2024,
592,Sullivan Barbey,sbarbeygf@simplemachines.org,Soft Drink - Lemon,8,45,9/26/2024,
593,Mariejeanne Hekkert,mhekkertgg@dion.ne.jp,Bananas,10,,10/24/2024,
594,Inna McTrustey,,Fish - Salmon,1,27,5/4/2024,
595,Lorie Wincer,lwincergi@cpanel.net,Soft Drink - Cola,2,240,2/2/2024,
596,Rhodie Aitchison,raitchisongj@uol.com.br,Chips - Salted,4,279,3/9/2024,
597,Gianni Cuphus,,Ice Cream - Chocolate,6,56,6/18/2024,
598,Ximenez Eusden,xeusdengl@yale.edu,Eggs - 6 Pack,6,65,6/26/2024,
599,Torrie Mawtus,tmawtusgm@yolasite.com,Butter - Unsalted,3,248,10/5/2024,
600,Deck Staresmeare,,Pasta - Spaghetti,8,,8/19/2024,
601,,,Rice - Jasmine,10,278,12/27/2024,
602,Murray Figin,mfigingp@telegraph.co.uk,Cereal - Cornflakes,1,187,12/21/2023,
603,Dov Adams,dadamsgq@patch.com,Onions - 1kg,5,221,12/14/2023,
604,Laure Nevins,lnevinsgr@gizmodo.com,Bananas,6,171,11/7/2023,
605,Noam Habert,nhabertgs@weebly.com,Fish - Salmon,2,,3/12/2024,
606,Corbet Salvatore,csalvatoregt@blogtalkradio.com,Eggs - 12 Pack,8,162,12/6/2023,
607,Austin Groundwator,agroundwatorgu@angelfire.com,Ice Cream - Chocolate,8,149,3/26/2024,
608,Linnet Wattinham,,Cheese - Cheddar,10,91,9/14/2024,
609,Celinka Spino,cspinogw@ft.com,Carrots - 1kg,9,195,6/4/2024,
610,Anstice Thandi,athandigx@qq.com,Butter - Salted,9,258,6/30/2023,
611,Krystal McLucky,kmcluckygy@free.fr,Rice - Jasmine,,97,12/19/2023,
612,Ailis Borge,aborgegz@patch.com,Chicken - Breast,4,291,10/30/2023,
613,Monah Dametti,mdamettih0@livejournal.com,Oranges,9,288,6/4/2023,
614,,,Eggs - 12 Pack,1,75,9/16/2024,
615,Jessey Skuse,jskuseh2@bing.com,Onions - 1kg,7,24,10/13/2023,
616,Mohammed Tucker,mtuckerh3@macromedia.com,Water - Bottled,9,131,10/16/2024,
617,,cadaoh4@oaic.gov.au,Ice Cream - Chocolate,6,204,8/9/2023,
618,Worth Haulkham,whaulkhamh5@goodreads.com,Carots - 1kg,5,155,8/15/2023,
619,Lawton Marciskewski,lmarciskewskih6@eventbrite.com,Chicken - Thigh,4,174,5/16/2024,
620,Peg Gerrey,pgerreyh7@google.com.hk,Juice - Orange,1,45,8/15/2024,
621,Tymon Woodhead,twoodheadh8@cpanel.net,Eggs - 12 Pack,,75,6/5/2023,
622,Yalonda Cadge,ycadgeh9@springer.com,Onions - 1kg,4,,4/30/2024,
623,Emlyn Mahaddy,emahaddyha@privacy.gov.au,Eggs - 12 Pack,3,33,10/6/2023,
624,Mitch Maxworthy,,Bananas,1,84,7/8/2023,
625,Cirstoforo Bridden,cbriddenhc@hc360.com,Rice - Jasmine,3,82,10/7/2023,
626,Gussy Burgoin,,Butter - Unsalted,2,186,5/20/2023,
627,Tracy Taplin,ttaplinhe@mapy.cz,Soft Drink - Cola,8,4,5/8/2024,
628,Car Malafe,cmalafehf@photobucket.com,Butter - Salted,5,6,10/22/2024,
629,Richart Monshall,rmonshallhg@typepad.com,Eggs - 6 Pack,5,53,6/24/2023,
630,Donny Chitson,,Eggs - 6 Pack,,3,8/13/2023,
631,Sibylla Kleine,skleinehi@cmu.edu,Bread - Whole Wheat,1,208,9/28/2024,
632,Cherrita Topp,ctopphj@cdc.gov,Beef - Steak,10,65,10/13/2023,
633,Edeline Sant,esanthk@constantcontact.com,Rice - Jasmine,7,254,5/30/2023,
634,Maribelle Cruce,mcrucehl@google.ca,Potatoes - 1kg,4,278,5/13/2024,
635,Tilly Semken,tsemkenhm@wufoo.com,Fish - Tuna,6,150,3/27/2024,
636,Lydon Spoerl,lspoerlhn@dailymotion.com,Juice - Orange,10,107,9/23/2023,
637,Jillene Harbisher,jharbisherho@tinypic.com,Pasta - Penne,6,86,10/23/2024,
638,Danit Le Estut,dlehp@tinypic.com,Cereal - Chocolate,7,162,12/24/2023,
639,Kelcie Dulake,kdulakehq@loc.gov,Chips - Salted,8,19,12/31/2023,
640,Nari Gladdin,ngladdinhr@elpais.com,Fish - Salmon,7,234,8/17/2023,
641,Camile Relf,crelfhs@miitbeian.gov.cn,Water - Bottled,2,174,4/17/2024,
642,Marget Rigby,,Pasta - Spaghetti,7,64,8/25/2024,
643,Alikee Stuart,astuarthu@hc360.com,Juice - Apple,8,35,9/18/2023,
644,Isabeau Greguoli,igreguolihv@arstechnica.com,Onions - 1kg,7,,3/5/2024,
645,Stanleigh Bunce,sbuncehw@dot.gov,Carrots - 1kg,,220,5/3/2024,
646,Beatrix Derwin,bderwinhx@nytimes.com,Beef - Ground,1,133,4/8/2024,
647,Alvan Copping,acoppinghy@washingtonpost.com,Juice - Apple,8,233,9/21/2023,
648,Brandy Prator,bpratorhz@homestead.com,Fish - Tuna,1,,4/20/2024,
649,Edyth Cumpton,ecumptoni0@dagondesign.com,Oranges,10,158,5/24/2024,
650,Jo-anne Sertin,jsertini1@is.gd,Onions - 1kg,6,8,5/6/2023,
651,Joelly Morando,jmorandoi2@php.net,Juice - Orange,5,1,9/9/2023,
652,Nellie Duprey,ndupreyi3@w3.org,Yogurt - Strawberry,8,206,8/22/2023,
653,Karel Cordey,kcordeyi4@squarespace.com,Fish - Tuna,7,42,9/25/2024,
654,,dforberi5@themeforest.net,Pasta - Spaghetti,8,8,7/3/2024,
655,Pennie Townson,ptownsoni6@a8.net,Fish - Salmon,7,243,11/19/2024,
656,Augustin Lewsam,alewsami7@sun.com,Pasta - Spaghetti,6,166,3/26/2024,
657,,dbrooksoni8@parallels.com,Fish - Tuna,1,60,10/2/2024,
658,Maegan Pastor,mpastori9@npr.org,Bananas,5,297,9/30/2023,
659,Hayyim Priddey,hpriddeyia@nps.gov,Pasta - Spaghetti,3,,8/17/2024,
660,Davey Diegan,ddieganib@so-net.ne.jp,Beef - Ground,,202,3/28/2024,
661,Dayna Widdison,dwiddisonic@google.it,Bananas,5,151,7/19/2023,
662,Inge Heal,ihealid@msu.edu,BEEF,5,15,8/8/2023,
663,Giordano Sloan,gsloanie@ed.gov,Fish - Tuna,1,270,7/2/2024,
664,Norma Janew,njanewif@weibo.com,Juice - range,5,148,12/11/2023,
665,Rey Lamort,rlamortig@flavors.me,Pasta - Penne,1,106,9/25/2024,
666,Lenore Rodder,,YOGURT ,,220,10/16/2023,
667,Gene Arnaut,garnautii@geocities.com,Carrots - 1kg,9,136,11/2/2024,
668,Emmey Livzey,elivzeyij@google.ca,Milk - 1L,6,283,9/5/2023,
669,Anastasie Kuhnke,akuhnkeik@nhs.uk,Chips - Salted,6,120,11/17/2024,
670,Giacomo Dradey,gdradeyil@ocn.ne.jp,Eggs - 12 Pack,8,237,1/10/2025,
671,,cabbadoim@cbslocal.com,Soft Drink - Lemon,,121,9/18/2023,
672,Elora Tarbatt,,Cheese - Cheddar,8,71,7/11/2023,
673,Ramonda Jopke,rjopkeio@hc360.com,Water - Bottled,6,220,4/10/2024,
674,Rozella Farren,rfarrenip@buzzfeed.com,Cereal - Cornflakes,4,252,6/26/2024,
675,Gaston Friel,gfrieliq@webnode.com,Cheese - Mozzarella,6,24,3/10/2024,
676,,wnesbittir@buzzfeed.com,Fish - Tuna,2,34,7/13/2023,
677,Chevy Burkhill,,Yogurt - Plain,9,,4/6/2024,
678,Barnard Gillott,bgillottit@ted.com,Eggs - 6 Pack,1,181,5/17/2024,
679,Max Connolly,mconnollyiu@home.pl,Cheese - Mozzarella,2,217,8/22/2023,
680,Cristobal Jurczak,cjurczakiv@people.com.cn,Pasta - Penne,4,166,10/26/2023,
681,Lainey Haistwell,,Yogurt - Strawberry,5,11,5/20/2023,
682,Dorothee Crevagh,dcrevaghix@weather.com,Ice Cream - Chocolate,,271,8/2/2023,
683,Rosina Hammerstone,rhammerstoneiy@miibeian.gov.cn,Potatoes - 1kg,8,160,5/11/2023,
684,Linn Ovanesian,lovanesianiz@cisco.com,Soft Drink - Cola,3,212,8/27/2024,
685,Daphene Stanion,dstanionj0@imdb.com,Water - Bottled,7,130,7/27/2023,
686,Nelie Bartrum,nbartrumj1@weebly.com,Butter - Salted,7,59,8/11/2023,
687,Chelsie Hidderley,chidderleyj2@bravesites.com,Chips - Barbecue,2,54,8/29/2023,
688,Kirby Godrich,,Cereal - Chocolate,9,,5/7/2023,
689,Netta Egle,neglej4@g.co,Apples - Green,8,,9/15/2023,
690,Marianne Pottell,,Pasta - Spaghetti,,95,12/31/2023,
691,Rhody Unwin,runwinj6@exblog.jp,Beef - Ground,9,35,10/14/2023,
692,Joby Padson,jpadsonj7@edublogs.org,Cheese - Mozzarella,2,159,4/12/2024,
693,Kitti Bosse,kbossej8@digg.com,Soft Drink - Lemon,1,283,1/5/2025,
694,Mannie Voisey,mvoiseyj9@indiatimes.com,Chips - Barbecue,8,172,2/8/2024,
695,Corabella Hartopp,chartoppja@sina.com.cn,Potatoes - 1kg,10,282,11/9/2023,
696,Maximilian Kidwell,mkidwelljb@nsw.gov.au,Pasta - Penne,1,65,5/7/2023,
697,Howey Slocomb,hslocombjc@nhs.uk,Beef - Steak,6,28,12/29/2023,
698,Payton Alflat,palflatjd@cmu.edu,Onions - 1kg,4,223,9/18/2023,
699,Rice Chalcot,rchalcotje@unesco.org,Ice Cream - Vanilla,6,,9/28/2023,
700,Selene Davisson,sdavissonjf@lycos.com,Cereal - Cornflakes,10,14,2/22/2024,
701,Dniren Denge,ddengejg@parallels.com,Yogurt - Plain,8,100,6/24/2024,
702,Alejandra Nana,ananajh@prweb.com,CHIPS,9,7,12/5/2024,
703,Tony Ormshaw,tormshawji@storify.com,Oranges,3,58,1/21/2024,
704,Bern Workman,,Cereal - Cornflakes,,95,6/12/2023,
705,Franni Moen,,Apples - Green,,299,6/5/2023,
706,Mill Yearby,myearbyjl@cocolog-nifty.com,Milk - 2L,6,293,11/11/2023,
707,Rey Potebury,rpoteburyjm@hhs.gov,Cereal - Cornflakes,2,21,11/10/2023,
708,Ericha Tschersich,etschersichjn@state.tx.us,Bread - Whole Wheat,7,233,8/24/2024,
709,Imogene Domanski,,Rice - Jasmine,4,108,5/14/2024,
710,Ruthanne Sporner,rspornerjp@google.fr,Carrots - 1kg,10,203,3/26/2024,
711,Lorin Ziemens,lziemensjq@jiathis.com,Cereal - Chocolate,2,,10/25/2024,
712,Gaby Condon,gcondonjr@flavors.me,Chips - Barbecue,,60,12/28/2023,
713,Amanda Ramiro,aramirojs@chronoengine.com,Juice - Apple,4,66,3/11/2024,
714,Minette Tissier,mtissierjt@blogspot.com,Cereal - Chocolate,2,285,7/9/2024,
715,Stacia Walczak,swalczakju@tripadvisor.com,Chips - Barbecue,1,247,11/14/2024,
716,Denna Blaisdell,dblaisdelljv@bizjournals.com,Juice - Orange,,182,6/15/2023,
717,Clarey Crosbie,ccrosbiejw@tinyurl.com,Pasta - Spaghetti,,141,5/19/2023,
718,,,Ice Cream - Chocolate,,153,11/25/2024,
719,Kristal Esmonde,,Eggs - 12 Pack,5,,6/23/2023,
720,Adelaide Spinella,aspinellajz@slideshare.net,Juice - Apple,5,274,11/20/2023,
721,Cary Jelfs,cjelfsk0@yandex.ru,Chicken - Thigh,6,64,2/28/2024,
722,Hussein Colclough,hcolcloughk1@usatoday.com,Beef - Ground,6,174,10/14/2023,
723,Shanta Tapper,stapperk2@imgur.com,Yogurt - Strawberry,1,287,2/28/2024,
724,Beverie Ridings,bridingsk3@samsung.com,Oranges,7,263,11/22/2023,
725,,nsyrettk4@fema.gov,Milk - 1L,2,182,12/7/2023,
726,Casie Giraudeau,,Fish - Salmon,1,295,2/9/2024,
727,Laughton Crummie,,Soft Drink - Cola,,36,11/15/2024,
728,Briney Madgett,bmadgettk7@apache.org,Soft Drink - Lemon,3,68,6/22/2023,
729,Katrine Bowfin,kbowfink8@theatlantic.com,Cereal - Cornflakes,1,43,11/2/2023,
730,,pchasteyk9@mtv.com,Ice Cream - Vanilla,10,17,9/13/2023,
731,Eben Quimby,,Fish - Tuna,8,300,8/31/2024,
732,Oliy Cartlidge,ocartlidgekb@addthis.com,Chips - Salted,,104,9/11/2024,
733,Annelise McGarrity,amcgarritykc@etsy.com,Chicken - Thigh,7,153,7/26/2024,
734,Karolina Girardey,kgirardeykd@uiuc.edu,Fish - Tuna,4,184,9/5/2023,
735,Rubina Faux,rfauxke@instagram.com,Apples - Green,1,42,6/15/2023,
736,Caz Howley,chowleykf@altervista.org,Soft Drink - Cola,10,27,1/31/2024,
737,Dudley Challace,dchallacekg@nifty.com,Soft Drink - Cola,2,53,11/27/2024,
738,Sioux Handke,shandkekh@dedecms.com,Chips - Barbecue,2,83,12/22/2024,
739,Sissy Mabbe,smabbeki@cbsnews.com,Rice - Basmati,8,121,6/24/2023,
740,Hope Hodge,hhodgekj@telegraph.co.uk,Fish - Salmon,6,120,10/25/2024,
741,Burnard Mogridge,bmogridgekk@webs.com,Cereal - Cornflakes,9,22,3/14/2024,
742,Dorena Tremouille,,Rice - Jasmine,6,108,11/21/2024,
743,Ram Earlam,rearlamkm@whitehouse.gov,Eggs - 12 Pack,5,175,4/11/2024,
744,Yorke Vakhlov,yvakhlovkn@angelfire.com,Butter - Salted,5,278,6/27/2024,
745,Allx Cluelow,acluelowko@pbs.org,Cheese - Mozzarella,,210,1/31/2024,
746,Hoebart Guidi,hguidikp@newyorker.com,Eggs - 12 Pack,10,32,5/19/2023,
747,Elyse Asey,easeykq@businessinsider.com,Cheese - Cheddar,9,,8/4/2023,
748,Torrey Waszkiewicz,twaszkiewiczkr@upenn.edu,Ice ream - Chocolate,4,24,9/14/2024,
749,Addie Berrecloth,aberreclothks@shop-pro.jp,Bread - White,2,,6/21/2024,
750,Dosi Ridgewell,dridgewellkt@usgs.gov,Ice Cream - Vanilla,3,90,7/27/2024,
751,Sharon Maharey,smahareyku@ebay.co.uk,Cheese - Cheddar,,64,2/23/2024,
752,,trameletkv@homestead.com,Cereal - Cornflakes,4,276,11/5/2024,
753,Lissie Cardoo,lcardookw@sbwire.com,Onions - 1kg,8,77,1/29/2024,
754,Olivie Gilcrist,ogilcristkx@nps.gov,Bananas,,91,10/31/2024,
755,Joyce Embleton,,Juice - Apple,,39,11/13/2024,
756,Beatrice Vaulkhard,bvaulkhardkz@rediff.com,Cereal - Chocolate,,283,8/28/2023,
757,Muhammad McCrossan,mmccrossanl0@symantec.com,Yogurt - Strawberry,2,251,5/4/2024,
758,Nate Hupka,nhupkal1@unesco.org,Juice - Orange,2,261,10/8/2023,
759,Rebekah Rosengarten,rrosengartenl2@quantcast.com,Juice - Apple,4,252,11/8/2023,
760,Asher Allans,aallansl3@ca.gov,Cheese - Cheddar,4,25,10/26/2023,
761,Jamil Beardow,jbeardowl4@themeforest.net,Chicken - Thigh,3,138,9/8/2023,
762,Luther Letessier,lletessierl5@ucoz.ru,Oranges,1,281,5/11/2024,
763,Elise Chifney,echifneyl6@usda.gov,Cheese - Cheddar,10,137,7/3/2023,
764,Julianne Sangra,jsangral7@dedecms.com,Cheese - Mozzarella,,44,12/1/2024,
765,Max Mullarkey,mmullarkeyl8@reddit.com,Bread - White,2,286,4/22/2024,
766,Hubie Corkitt,hcorkittl9@topsy.com,Bread - White,1,,3/9/2024,
767,Welch Taft,wtaftla@google.de,Bananas,5,2,5/24/2023,
768,Emmy Dayes,edayeslb@blog.com,Juice - Orange,8,149,9/27/2023,
769,Tomi Tree,ttreelc@ovh.net,Beef - Ground,5,210,5/19/2023,
770,Cart Maffulli,cmaffullild@sciencedaily.com,Rice - Jasmine,7,36,10/8/2023,
771,Gregg Harmes,,Chicken - Thigh,6,44,8/20/2024,
772,Agnese Yokley,,Cereal - Chocolate,3,149,6/15/2024,
773,Norman Brokenshaw,nbrokenshawlg@geocities.jp,Potatoes - 1kg,7,187,11/24/2023,
774,Salome Harp,sharplh@mozilla.com,Apples - Red,,212,5/31/2023,
775,Merwin Kyncl,mkynclli@mac.com,Juice - Orange,,7,11/5/2024,
776,Elvera Laight,,Water - Bottled,3,163,11/27/2023,
777,Ivonne Carbry,icarbrylk@over-blog.com,Pasta - Penne,9,256,12/10/2023,
778,Jesse Sancias,jsanciasll@pen.io,Yogurt - Strawberry,10,,5/3/2024,
779,Merlina Davidoff,mdavidofflm@netlog.com,Cheese - Mozzarella,3,259,8/19/2024,
780,Merwyn Ockwell,mockwellln@blogs.com,Soft Drink - Cola,1,254,2/20/2024,
781,Joey McIlwrick,jmcilwricklo@si.edu,Ice Cream - Vanilla,4,264,5/28/2023,
782,Lilllie Moffett,lmoffettlp@upenn.edu,Yogurt - Plain,2,174,12/10/2023,
783,Corney Sneath,csneathlq@google.co.jp,Milk - 2L,3,132,11/24/2024,
784,Arthur Figge,afiggelr@creativecommons.org,Milk - 2L,1,268,8/27/2024,
785,Giuditta Handscomb,ghandscombls@scientificamerican.com,Pasta - Penne,,157,12/16/2023,
786,Nicholle Quail,nquaillt@yahoo.com,Soft Drink - Lemon,7,128,9/9/2024,
787,Eamon Fairham,efairhamlu@google.com.hk,Apples - Green,5,38,11/29/2023,
788,Tessa Ellinor,tellinorlv@mit.edu,Beef - Steak,8,199,9/28/2024,
789,Maud Charlon,mcharlonlw@rediff.com,Rice - Basmati,5,166,1/16/2024,
790,Viviyan Diffley,,Yogurt - Plain,1,,12/14/2023,
791,Christophorus Bolding,cboldingly@sitemeter.com,Juice - Orange,7,163,6/20/2024,
792,Benni Spinella,bspinellalz@uol.com.br,Cheese - Mozzarella,,265,10/18/2024,
793,Jameson Tuohy,jtuohym0@senate.gov,Milk - 1L,3,,7/16/2023,
794,Nora Seint,nseintm1@ucoz.com,Water - Bottled,5,101,11/16/2023,
795,Aksel Tylor,atylorm2@deliciousdays.com,Milk - 1L,6,244,2/21/2024,
796,Jeanna Grigoliis,jgrigoliism3@sciencedirect.com,Oranges,5,213,7/1/2024,
797,Kippar Tsarovic,ktsarovicm4@odnoklassniki.ru,Oranges,2,176,1/12/2024,
798,Innis Serrurier,iserrurierm5@friendfeed.com,Chips - Barbecue,10,41,10/28/2024,
799,Filide Wickerson,fwickersonm6@si.edu,Eggs - 6 Pack,,3,11/26/2023,
800,Rudolf Robrose,rrobrosem7@google.com.hk,Fish - Salmon,1,51,8/30/2023,
801,Pasquale Willoughey,pwillougheym8@themeforest.net,Potatoes - 1kg,9,123,8/1/2024,
802,Frederic Bartholomieu,fbartholomieum9@over-blog.com,Chips - Salted,2,146,7/17/2023,
803,Jeannie Margetts,jmargettsma@arizona.edu,Milk - 1L,10,,11/22/2023,
804,Cathleen Chatelain,,Oranges,,120,9/7/2024,
805,Luce Bolstridge,lbolstridgemc@purevolume.com,Milk - 1L,3,70,5/1/2024,
806,Englebert Harcus,eharcusmd@cnbc.com,Egs - 6 Pack,,109,12/16/2024,
807,Cristin Nanelli,cnanellime@uiuc.edu,Fish - Salmon,2,51,2/13/2024,
808,Trumann Gorcke,tgorckemf@go.com,Bananas,10,83,1/11/2024,
809,Giff Crosser,gcrossermg@sohu.com,Chips - Salted,9,173,5/7/2023,
810,Dwayne Wickmann,dwickmannmh@studiopress.com,Pasta - Penne,8,204,7/23/2023,
811,Regen Bulley,rbulleymi@shareasale.com,Juice - Apple,,118,6/3/2024,
812,Ashlie Jeannequin,ajeannequinmj@ycombinator.com,Apples - Green,4,,9/15/2023,
813,Stan OIlier,,Water - Bottled,5,239,7/2/2024,
814,Zach Toffanelli,ztoffanelliml@flavors.me,Bread - White,10,62,5/11/2023,
815,Lettie Haukey,lhaukeymm@businessinsider.com,Apples - Green,9,3,10/14/2023,
816,Avigdor Gately,agatelymn@technorati.com,Pasta - Spaghetti,2,175,5/31/2024,
817,Leighton Marshfield,,Yogurt - Strawberry,5,96,12/8/2024,
818,Theo Lamswood,tlamswoodmp@google.it,Carrots - 1kg,6,113,6/28/2023,
819,Goran Pitblado,gpitbladomq@wufoo.com,Apples - Red,3,181,5/15/2023,
820,Mozes Brindley,mbrindleymr@goodreads.com,Fish - Salmon,8,273,2/14/2024,
821,Quintana Arnatt,qarnattms@nsw.gov.au,Potatoes - 1kg,,246,3/14/2024,
822,Konrad O'Hengerty,kohengertymt@ca.gov,Pasta - Spaghetti,5,2,9/2/2024,
823,Scarlet Grimwade,sgrimwademu@deliciousdays.com,Soft Drink - Lemon,2,44,8/15/2023,
824,,cheathcottmv@zimbio.com,Chicken - Thigh,2,96,10/29/2023,
825,Rhea Chaudhry,rchaudhrymw@squidoo.com,Fish - Tuna,2,261,8/4/2023,
826,Abelard Vanner,,Chips - Barbecue,3,247,5/6/2023,
827,Tome Abbotts,,Milk - 2L,,240,10/6/2024,
828,Jeanie Oneil,joneilmz@unc.edu,Milk - 2L,6,180,12/28/2024,
829,Marysa Eadie,meadien0@harvard.edu,Water - Bottled,2,20,9/6/2024,
830,Caritta Broadhurst,cbroadhurstn1@usda.gov,Carrots - 1kg,4,106,7/31/2024,
831,Arlette Kener,akenern2@ebay.co.uk,Cheese - Cheddar,,73,8/15/2023,
832,,,Ice Cream - Chocolate,1,138,10/13/2023,
833,Odele Bolte,obolten4@ox.ac.uk,Butter - Unsalted,10,265,8/18/2023,
834,Caye Handy,chandyn5@cargocollective.com,Eggs - 12 Pack,9,272,8/6/2024,
835,Dominica Doblin,ddoblinn6@facebook.com,Chips - Barbecue,3,17,10/3/2024,
836,Corny Selborne,,Cheese - Cheddar,7,171,7/16/2024,
837,,wdemangeotn8@printfriendly.com,Rice - Basmati,,,7/19/2023,
838,Rance Iwanowicz,riwanowiczn9@unesco.org,Apples - Red,,113,7/10/2024,
839,,cfranekna@rambler.ru,Pasta - Penne,,136,5/6/2023,
840,Tyrus Cossom,tcossomnb@theatlantic.com,Apples - Green,6,11,3/30/2024,
841,Erinna Gailor,egailornc@msn.com,Oranges,7,228,8/24/2024,
842,Umberto Cordobes,ucordobesnd@alibaba.com,Bread - Whole Wheat,4,138,12/23/2023,
843,Arnuad Simoncini,,Butter - Unsalted,,2,6/21/2023,
844,Morna Silber,,Chicken - Breast,3,115,5/30/2024,
845,Alard Meachem,ameachemng@drupal.org,Chips - Salted,9,299,12/29/2024,
846,Fleming Sharpus,,Juice - Orange,8,136,12/3/2023,
847,Jonathan Luter,jluterni@angelfire.com,Milk - 2L,8,197,11/30/2023,
848,Dayle Blight,dblightnj@merriam-webster.com,Water - Bottled,5,250,9/18/2024,
849,Gar Aldersley,,Butter - Salted,,136,12/9/2024,
850,Lanie Gascoyne,lgascoynenl@alibaba.com,Juice - Orange,7,42,3/10/2024,
851,Addy Giorgini,agiorgininm@ted.com,Yogurt - Plain,6,,11/28/2023,
852,Gabe Ackroyd,,Yogurt - Plain,7,126,8/27/2024,
853,Merrill Eseler,,Ice Cream - Chocolate,9,281,3/27/2024,
854,Will Aldis,,Chips - Salted,3,184,8/20/2023,
855,Owen Huddles,ohuddlesnq@techcrunch.com,Fih - Salmon,7,243,10/9/2023,
856,Georgianne Bohike,,Ice Cream - Chocolate,10,10,12/9/2023,
857,Connie Hammond,chammondns@washingtonpost.com,Water - Bottled,9,224,4/7/2024,
858,,zthirlwellnt@ed.gov,Cheese - Cheddar,3,,9/21/2023,
859,Paule Crocetti,pcrocettinu@amazon.de,Potatoes - 1kg,5,95,10/8/2024,
860,Ardelle Northill,,Eggs - 6 Pack,1,158,11/16/2023,
861,,rrosentholernw@blog.com,Chicken - Thigh,,162,1/17/2024,
862,Aliza Hyne,ahynenx@com.com,Cheese - Cheddar,4,270,8/8/2023,
863,Susi Cowern,,Chicken - Breast,4,270,8/3/2024,
864,Kerstin Seagar,,Fish - Salmon,5,163,5/30/2023,
865,,glangfortho0@oracle.com,Milk - 1L,2,84,11/7/2024,
866,Shelba Ings,,Butter - Salted,3,66,9/5/2024,
867,Pansy Jerdon,pjerdono2@list-manage.com,Chicken - Thigh,5,17,1/31/2024,
868,Claus Laverty,clavertyo3@nytimes.com,Apples - Green,3,,2/24/2024,
869,Morgen Fewell,mfewello4@bloglines.com,Rice - Basmati,9,238,3/14/2024,
870,Doreen Fulham,dfulhamo5@istockphoto.com,Rice - Jasmine,6,64,1/3/2024,
871,Xylina Volkers,xvolkerso6@feedburner.com,Juice - Apple,5,286,9/17/2024,
872,Linell McColley,,Pasta - Penne,2,3,12/5/2024,
873,Kennie Andrzejewski,kandrzejewskio8@thetimes.co.uk,Eggs - 12 Pack,8,290,9/14/2023,
874,Ansell Cudbertson,acudbertsono9@moonfruit.com,Milk - 1L,,41,6/14/2023,
875,Theobald Trythall,,Chips - Salted,9,265,11/30/2024,
876,Rudolph Lowbridge,rlowbridgeob@techcrunch.com,Soft Drink - Cola,,,11/20/2023,
877,Gael Raggett,graggettoc@scribd.com,Water - Bottled,4,83,11/6/2024,
878,Flem Jerrold,,Cheese - Mozzarella,1,180,2/16/2024,
879,Ranique Braunlein,rbraunleinoe@wufoo.com,Ice Cream - Vanilla,7,288,8/9/2023,
880,Nathaniel Gorch,,Rice - Jasmine,5,273,3/8/2024,
881,Marjory Rao,mraoog@shareasale.com,Carrots - 1kg,,131,5/19/2024,
882,Lazar Klass,lklassoh@tumblr.com,Cheese - Mozzarell,3,,9/22/2023,
883,Calla Wotton,,Potatoes - 1kg,,240,3/21/2024,
884,Isac Mussetti,imussettioj@mac.com,Fish - Tuna,9,14,7/25/2024,
885,Camile Gooderidge,cgooderidgeok@gnu.org,Apples - Green,,74,8/23/2024,
886,Gerri Kerrigan,gkerriganol@yelp.com,Soft Drink - Cola,5,97,8/19/2024,
887,Leeland Pocke,lpockeom@yahoo.com,Pasta - Spaghetti,9,137,4/6/2024,
888,Ulrich Cornish,ucornishon@google.de,Butter - Salted,3,204,7/29/2023,
889,Yorke Mowne,ymowneoo@admin.ch,Soft Drink - Lemon,10,72,11/13/2024,
890,Constantin Norwood,,Carrots - 1kg,1,,1/5/2024,
891,Edwina Igoe,eigoeoq@admin.ch,Oranges,,175,2/14/2024,
892,,gtrenholmor@51.la,Soft Drink - Cola,10,29,6/27/2023,
893,Almeda Steere,,Chicken - Breast,4,32,3/5/2024,
894,Bert Edgerton,bedgertonot@webmd.com,Ice Cream - Chocolate,5,160,5/21/2023,
895,Beaufort Cino,,Cereal - Chocolate,2,4,7/2/2023,
896,Giavani Sheahan,gsheahanov@nytimes.com,Oranges,1,88,5/29/2023,
897,Helenelizabeth Dunkerly,hdunkerlyow@soundcloud.com,Rice - Jasmine,2,29,8/28/2024,
898,Tania Kinman,tkinmanox@answers.com,Chips - Barbecue,4,,11/4/2024,
899,Bjorn Sibbald,bsibbaldoy@xrea.com,Ice Cream - Chocolate,7,165,6/1/2023,
900,Neil Kubalek,,Fish - Salmon,,132,10/27/2023,
901,Nehemiah Delicate,,Water - Bottled,,259,6/18/2024,
902,,hdavydochp1@illinois.edu,Ice Cream - Vanilla,3,265,12/4/2024,
903,,klaisep2@ted.com,Oranges,4,212,12/7/2023,
904,Corbin Peters,cpetersp3@squarespace.com,Chicken - Breast,4,297,11/12/2024,
905,Madonna Sigart,msigartp4@twitpic.com,Milk - 1L,3,264,10/21/2023,
906,Marquita Rigler,mriglerp5@instagram.com,Oranges,7,13,8/7/2024,
907,Phyllida Chalcroft,pchalcroftp6@list-manage.com,Ice Cream - Vanilla,3,49,8/5/2024,
908,Toddie Gresty,tgrestyp7@columbia.edu,Chips - Salted,5,32,8/23/2024,
909,Rosanne Mulgrew,rmulgrewp8@yale.edu,Bananas,3,49,3/16/2024,
910,Galvin Hansod,ghansodp9@dropbox.com,Yogurt - Plain,10,,4/6/2024,
911,Van Jeckells,vjeckellspa@abc.net.au,Onions - 1kg,3,277,6/5/2023,
912,Dyane Yakutin,dyakutinpb@nih.gov,Cheese - Mozzarella,4,128,1/26/2024,
913,Eugenius Iseton,eisetonpc@paypal.com,Butter - Salted,4,142,6/9/2024,
914,Andris Cusiter,,Bread - Whole Wheat,4,293,12/11/2023,
915,Stormy Klimkin,sklimkinpe@vinaora.com,Potatoes - 1kg,,272,3/29/2024,
916,Jamima Dewberry,jdewberrypf@ehow.com,Cereal - Cornflakes,7,177,7/27/2023,
917,Emeline Missington,emissingtonpg@usgs.gov,Juice - Apple,4,135,12/22/2024,
918,Crin Mapis,cmapisph@pcworld.com,Cheese - Mozzarella,8,291,7/11/2023,
919,Edin Giamuzzo,egiamuzzopi@is.gd,Eggs - 12 Pack,7,199,8/25/2024,
920,Dee Tousy,dtousypj@pagesperso-orange.fr,Waer - Bottled,2,53,9/14/2024,
921,Hollis Jimpson,hjimpsonpk@house.gov,Soft Drink - Cola,4,167,5/23/2023,
922,Seth Dungay,sdungaypl@pbs.org,Juice - Apple,9,212,9/4/2024,
923,Grover Cragell,gcragellpm@google.com.hk,Butter - Unsalted,,198,5/6/2023,
924,Anton Sisley,asisleypn@washington.edu,Juice - Apple,7,143,3/2/2024,
925,Jacquetta Irnys,jirnyspo@icq.com,Beef - Steak,2,168,9/19/2024,
926,Moshe Jalland,mjallandpp@bloglines.com,Apples - Green,10,94,2/4/2024,
927,,eisakssonpq@github.io,Yogurt - Strawberry,3,30,1/3/2025,
928,Zara Pevsner,zpevsnerpr@hud.gov,Bananas,9,109,11/21/2023,
929,Tabby Amburgy,tamburgyps@blogger.com,Fish - Salmon,3,140,6/9/2024,
930,Deva Eydel,deydelpt@telegraph.co.uk,Pasta - Spaghetti,,227,6/4/2024,
931,Karena Peeke,kpeekepu@xinhuanet.com,Onions - 1kg,3,35,6/29/2024,
932,Arney Standring,astandringpv@freewebs.com,Yogurt - Plain,8,245,7/2/2023,
933,Herta Wilce,hwilcepw@e-recht24.de,Eggs - 12 Pack,9,233,4/10/2024,
934,Chastity Wickerson,cwickersonpx@odnoklassniki.ru,Cheese - Cheddar,6,248,8/12/2023,
935,Dominga Emptage,demptagepy@mapy.cz,Ice Cream - Chocolate,1,225,4/19/2024,
936,Arly Hurtado,ahurtadopz@buzzfeed.com,Fish - Tuna,8,168,12/23/2023,
937,Annette Ball,aballq0@jigsy.com,Apples - Green,6,93,8/9/2024,
938,Culver Kernermann,ckernermannq1@skype.com,Cheese - Mozzarella,7,16,5/15/2024,
939,Antonie Crush,,Beef - Ground,,297,6/28/2024,
940,Reiko Staniland,,Ice Cream - Chocolate,3,77,7/3/2024,
941,Maudie Skilton,mskiltonq4@github.com,Cheese - Cheddar,2,62,12/26/2023,
942,,lcreganq5@youtube.com,Pasta - Spagtti,10,275,9/8/2023,
943,Thom Instrell,tinstrellq6@youtube.com,Butter - Unsalted,,,9/13/2024,
944,Joelle Nerne,jnerneq7@tinypic.com,Apples - Red,9,13,9/8/2023,
945,Lauryn Hatwells,,Yogurt - Plain,3,185,7/20/2023,
946,Geordie Boothby,gboothbyq9@google.pl,Cereal - Chocolate,5,202,7/23/2024,
947,Gale Mulqueen,gmulqueenqa@yellowbook.com,Milk - 2L,6,189,7/9/2024,
948,Clement Leavy,cleavyqb@weebly.com,Pasta - Penne,4,,6/30/2023,
949,Susana Corsan,scorsanqc@blogs.com,Chicken - Breast,10,284,6/10/2024,
950,,djansaqd@skype.com,Fish - Tuna,1,133,12/21/2023,
951,Stepha Gjerde,sgjerdeqe@rambler.ru,Cheese - Cheddar,10,245,10/10/2024,
952,Page McCleod,pmccleodqf@fc2.com,Cereal - Chocolate,5,86,10/26/2024,
953,Ada Cleeve,acleeveqg@clickbank.net,Yogurt - Strawberry,,39,9/2/2023,
954,,rboltonqh@lulu.com,Juice - Apple,8,181,8/22/2024,
955,Darsie Korneluk,,Milk - 2L,8,58,5/22/2023,
956,Huntington Fitter,,Chicken - Thigh,3,,3/22/2024,
957,Rory Shorthill,rshorthillqk@bizjournals.com,Milk - 2L,10,296,10/11/2023,
958,Caryl Storks,cstorksql@about.com,Butter - Unsalted,7,53,7/28/2023,
959,Marie-jeanne Rigney,mrigneyqm@digg.com,Cheese - Mozzarella,5,236,7/24/2024,
960,Dorita Sinkings,dsinkingsqn@ovh.net,Potatoes - 1kg,,204,7/1/2023,
961,Rogers Arghent,rarghentqo@miibeian.gov.cn,Ice Cream - Chocolate,10,245,12/18/2024,
962,Madelena Huffy,mhuffyqp@phoca.cz,Milk - 2L,4,,4/28/2024,
963,Chrissie Milesop,cmilesopqq@mashable.com,Chicken - Thigh,6,48,7/2/2023,
964,Everett Kingswold,ekingswoldqr@patch.com,Juice - Orange,,34,9/15/2023,
965,Murielle Ison,misonqs@salon.com,Apples - Red,10,,2/18/2024,
966,Elicia Heineken,eheinekenqt@multiply.com,Apples - Red,8,169,7/7/2024,
967,Bird Gillise,bgillisequ@cocolog-nifty.com,Soft Drink - Lemon,3,41,6/16/2024,
968,Wylma Clere,wclereqv@biglobe.ne.jp,Onions - 1kg,6,24,6/8/2024,
969,Kelila Bearcroft,,Pasta - Spaghetti,10,46,9/7/2023,
970,Teodor Genty,tgentyqx@gnu.org,Yogurt - Strawberry,9,28,6/1/2023,
971,Dominga O'Connolly,doconnollyqy@theguardian.com,Milk - 2L,,31,12/3/2024,
972,Julianna Aynscombe,,Beef - Ground,10,140,1/5/2025,
973,Dyane Mulcaster,,Yogurt - Strawberry,1,57,7/20/2023,
974,Teresa Harrow,tharrowr1@foxnews.com,Juice - Apple,10,33,8/18/2023,
975,,tclemotr2@nymag.com,Cereal - Cornflakes,7,80,10/25/2023,
976,Alvira Baudou,abaudour3@flavors.me,Chicken - Thigh,5,14,6/16/2024,
977,Jacenta Petofi,jpetofir4@slate.com,Ice Cream - Vanilla,6,39,2/19/2024,
978,Isabel Carlisso,icarlissor5@craigslist.org,Bananas,2,63,7/5/2023,
979,Pietra Grayer,pgrayerr6@nationalgeographic.com,Yogurt - Plain,4,237,6/4/2023,
980,,fgillisonr7@about.com,Yogurt - Strawberry,,,3/1/2024,
981,Dix Vauter,dvauterr8@wunderground.com,Onions - 1kg,4,222,11/3/2023,
982,Kinna Keppy,kkeppyr9@toplist.cz,Fish - Tuna,1,,6/10/2024,
983,Nancie Vanderplas,nvanderplasra@paginegialle.it,Fish - Salmon,5,,7/21/2024,
984,Allister Broddle,abroddlerb@technorati.com,Soft Drink - Cola,,133,9/29/2024,
985,Nathanil Leathers,nleathersrc@163.com,Chips - Salte,9,136,8/8/2024,
986,Glen Lorent,glorentrd@rambler.ru,Potatoes - 1kg,9,38,10/19/2023,
987,Neal Rothera,nrotherare@imgur.com,Pottoes - 1kg,,128,8/10/2024,
988,,ttoolinrf@google.nl,Yogurt - Strawberry,1,263,9/23/2024,
989,Maribelle Gurley,mgurleyrg@symantec.com,Potatoes - 1kg,,,10/23/2023,
990,Rudiger Venner,rvennerrh@w3.org,Apples - Green,7,256,9/18/2023,
991,Dorisa Padilla,dpadillari@elpais.com,Pasta - Spaghetti,3,188,1/4/2024,
992,,tmorfellrj@github.io,Chicken - Thigh,,182,6/7/2024,
993,Eveleen Dafydd,edafyddrk@yolasite.com,Ceral - Cornflakes,4,189,12/6/2023,
994,Brynn Smalles,bsmallesrl@businessweek.com,Cereal - Cornflakes,7,198,3/30/2024,
995,Olia Dowall,odowallrm@ucsd.edu,Milk - 1L,3,156,9/20/2023,
996,Dulcia Dellenty,,Buter - Unsalted,4,268,3/26/2024,
997,Concordia Mostyn,cmostynro@slate.com,Chips - Salted,,166,5/4/2024,
998,Jayme Meeland,jmeelandrp@facebook.com,Chips - Salted,1,268,6/21/2023,
999,Rhett Liversley,rliversleyrq@w3.org,Eggs - 6 Pack,1,200,9/8/2024,
1000,Polly Scrimshire,pscrimshirerr@house.gov,Chicken - Thigh,8,248,5/30/2023,
777,micheal Sammy,micheal67@gmail.com,Eggs - 6 Pack,3,210,5/30/2023,
101,dainel owen ,danny12@yahoo.com,Milk - 1L,1,50,5/4/2023,
204,george will ,georgewill123@gmail.com,Milk - 2L,1,50,7/12/2023,
